timestamp,resource,activity,region,walking_speed,step,handling_height
2024-03-25 11:55:41+01:00,A2,Walk,Warehouse Area,0.0,False,6.0
2024-03-25 11:55:41+01:00,C2,Handling,Waiting Area,0.0,False,8.0
2024-03-25 11:55:41+01:00,C3,Walk,Warehouse Area,0.0,False,6.0
2024-03-25 11:55:42+01:00,A2,Walk,Warehouse Area,0.0,False,6.0
2024-03-25 11:55:42+01:00,C2,Handling,Waiting Area,0.0,False,8.0
2024-03-25 11:55:42+01:00,C3,Walk,Warehouse Area,0.0,False,6.0
2024-03-25 11:55:43+01:00,A2,Stand,Warehouse Area,0.0,False,6.0
2024-03-25 11:55:43+01:00,C2,Handling,Waiting Area,0.0,False,8.0
2024-03-25 11:55:43+01:00,C3,Walk,Warehouse Area,0.0,False,6.0
2024-03-25 11:55:44+01:00,A2,Stand,Warehouse Area,0.0,False,6.0
2024-03-25 11:55:44+01:00,C2,Walk,Waiting Area,0.8860759493670886,False,6.0
2024-03-25 11:55:44+01:00,C3,Handling,Waiting Area,0.0,False,9.0
2024-03-25 11:55:45+01:00,A2,Stand,Warehouse Area,0.0,False,6.0
2024-03-25 11:55:45+01:00,C2,Walk,Waiting Area,0.8860759493670886,False,6.0
2024-03-25 11:55:45+01:00,C3,Handling,Waiting Area,0.0,False,9.0
2024-03-25 11:55:46+01:00,A2,Stand,Warehouse Area,0.0,False,6.0
2024-03-25 11:55:46+01:00,C2,Walk,Waiting Area,0.8860759493670886,False,6.0
2024-03-25 11:55:46+01:00,C3,Walk,Waiting Area,0.0,False,6.0
2024-03-25 11:55:47+01:00,A2,Stand,Warehouse Area,0.0,False,6.0
2024-03-25 11:55:47+01:00,C2,Walk,Waiting Area,0.8860759493670886,False,6.0
2024-03-25 11:55:47+01:00,C3,Walk,Waiting Area,0.0,False,6.0
2024-03-25 11:55:48+01:00,A2,Stand,Warehouse Area,0.0,False,6.0
2024-03-25 11:55:48+01:00,C2,Walk,Waiting Area,0.8860759493670886,False,6.0
2024-03-25 11:55:48+01:00,C3,Handling,Waiting Area,0.0,False,8.0
2024-03-25 11:55:49+01:00,A2,Stand,Warehouse Area,0.0,False,6.0
2024-03-25 11:55:49+01:00,C2,Walk,Waiting Area,0.8860759493670886,False,6.0
2024-03-25 11:55:49+01:00,C3,Stand,Waiting Area,0.0,False,6.0
2024-03-25 11:55:50+01:00,A2,Stand,Warehouse Area,0.0,False,6.0
2024-03-25 11:55:50+01:00,C2,Walk,Waiting Area,0.8860759493670886,False,6.0
2024-03-25 11:55:50+01:00,C3,Stand,Waiting Area,0.0,False,6.0
2024-03-25 11:55:51+01:00,A2,Stand,Warehouse Area,0.0,False,6.0
2024-03-25 11:55:51+01:00,C2,Walk,Waiting Area,0.8860759493670886,False,6.0
2024-03-25 11:55:51+01:00,C3,Stand,Waiting Area,0.0,False,6.0
2024-03-25 11:55:52+01:00,A2,Stand,Warehouse Area,0.0,False,6.0
2024-03-25 11:55:52+01:00,C2,Stand,Waiting Area,0.0,False,6.0
2024-03-25 11:55:52+01:00,C3,Stand,Waiting Area,0.0,False,6.0
2024-03-25 11:55:53+01:00,A2,Stand,Warehouse Area,0.0,False,6.0
2024-03-25 11:55:53+01:00,C2,Handling,Waiting Area,0.0,False,8.0
2024-03-25 11:55:53+01:00,C3,Stand,Waiting Area,0.0,False,6.0
2024-03-25 11:55:54+01:00,A2,Stand,Warehouse Area,0.0,False,6.0
2024-03-25 11:55:54+01:00,C2,Handling,Waiting Area,0.0,False,8.0
2024-03-25 11:55:54+01:00,C3,Stand,Waiting Area,0.0,False,6.0
2024-03-25 11:55:55+01:00,A2,Stand,Warehouse Area,0.0,False,6.0
2024-03-25 11:55:55+01:00,C2,Handling,Waiting Area,0.0,False,8.0
2024-03-25 11:55:55+01:00,C3,Stand,Waiting Area,0.0,False,6.0
2024-03-25 11:55:56+01:00,A2,Stand,Warehouse Area,0.0,False,6.0
2024-03-25 11:55:56+01:00,C2,Handling,Waiting Area,0.0,False,8.0
2024-03-25 11:55:56+01:00,C3,Stand,Waiting Area,0.0,False,6.0
2024-03-25 11:55:57+01:00,A2,Stand,Warehouse Area,0.0,False,6.0
2024-03-25 11:55:57+01:00,C2,Walk,Waiting Area,0.0,False,6.0
2024-03-25 11:55:57+01:00,C3,Handling,Waiting Area,0.0,False,8.0
2024-03-25 11:55:58+01:00,A2,Stand,Warehouse Area,0.0,False,6.0
2024-03-25 11:55:58+01:00,C2,Walk,Waiting Area,0.0,False,6.0
2024-03-25 11:55:58+01:00,C3,Handling,Waiting Area,0.0,False,8.0
2024-03-25 11:55:59+01:00,A2,Stand,Warehouse Area,0.0,False,6.0
2024-03-25 11:55:59+01:00,C2,Stand,Waiting Area,0.0,False,6.0
2024-03-25 11:55:59+01:00,C3,Handling,Waiting Area,0.0,False,8.0
2024-03-25 11:56:00+01:00,A2,Stand,Warehouse Area,0.0,False,6.0
2024-03-25 11:56:00+01:00,C2,Stand,Waiting Area,0.0,False,6.0
2024-03-25 11:56:00+01:00,C3,Handling,Waiting Area,0.0,False,8.0
2024-03-25 11:56:01+01:00,A2,Stand,Warehouse Area,0.0,False,6.0
2024-03-25 11:56:01+01:00,C2,Stand,Waiting Area,0.0,False,6.0
2024-03-25 11:56:01+01:00,C3,Handling,Waiting Area,0.0,False,8.0
2024-03-25 11:56:02+01:00,A2,Stand,Warehouse Area,0.0,False,6.0
2024-03-25 11:56:02+01:00,C2,Stand,Waiting Area,0.0,False,6.0
2024-03-25 11:56:02+01:00,C3,Handling,Waiting Area,0.0,False,8.0
2024-03-25 11:56:03+01:00,A2,Stand,Warehouse Area,0.0,False,6.0
2024-03-25 11:56:03+01:00,C2,Stand,Waiting Area,0.0,False,6.0
2024-03-25 11:56:03+01:00,C3,Handling,Waiting Area,0.0,False,8.0
2024-03-25 11:56:04+01:00,A2,Stand,Warehouse Area,0.0,False,6.0
2024-03-25 11:56:04+01:00,C2,Stand,Waiting Area,0.0,False,6.0
2024-03-25 11:56:04+01:00,C3,Handling,Waiting Area,0.0,False,8.0
2024-03-25 11:56:05+01:00,A2,Stand,Warehouse Area,0.0,False,6.0
2024-03-25 11:56:05+01:00,C2,Stand,Waiting Area,0.0,False,6.0
2024-03-25 11:56:05+01:00,C3,Handling,Warehouse Area,0.0,False,8.0
2024-03-25 11:56:06+01:00,A2,Stand,Warehouse Area,0.0,False,6.0
2024-03-25 11:56:06+01:00,C2,Stand,Waiting Area,0.0,False,6.0
2024-03-25 11:56:06+01:00,C3,Handling,Warehouse Area,0.0,False,8.0
2024-03-25 11:56:07+01:00,A2,Stand,Warehouse Area,0.0,False,6.0
2024-03-25 11:56:07+01:00,C2,Stand,Waiting Area,0.0,False,6.0
2024-03-25 11:56:07+01:00,C3,Handling,Waiting Area,0.0,False,8.0
2024-03-25 11:56:08+01:00,A2,Handling,Warehouse Area,0.0,False,8.0
2024-03-25 11:56:08+01:00,C2,Stand,Waiting Area,0.0,False,6.0
2024-03-25 11:56:08+01:00,C3,Handling,Waiting Area,0.0,False,7.0
2024-03-25 11:56:09+01:00,A2,Stand,Warehouse Area,0.0,False,6.0
2024-03-25 11:56:09+01:00,C2,Stand,Waiting Area,0.0,False,6.0
2024-03-25 11:56:09+01:00,C3,Stand,Waiting Area,0.0,False,6.0
2024-03-25 11:56:10+01:00,A2,Handling,Warehouse Area,0.0,False,8.0
2024-03-25 11:56:10+01:00,C2,Stand,Waiting Area,0.0,False,6.0
2024-03-25 11:56:10+01:00,C3,Stand,Waiting Area,0.0,False,6.0
2024-03-25 11:56:11+01:00,A2,Handling,Warehouse Area,0.0,False,7.0
2024-03-25 11:56:11+01:00,C2,Stand,Waiting Area,0.0,False,6.0
2024-03-25 11:56:11+01:00,C3,Handling,Waiting Area,0.0,False,8.0
2024-03-25 11:56:12+01:00,A2,Walk,Warehouse Area,0.0,False,6.0
2024-03-25 11:56:12+01:00,C2,Stand,Waiting Area,0.0,False,6.0
2024-03-25 11:56:12+01:00,C3,Handling,Waiting Area,0.0,False,8.0
2024-03-25 11:56:13+01:00,A2,Stand,Warehouse Area,0.0,False,6.0
2024-03-25 11:56:13+01:00,C2,Stand,Waiting Area,0.0,False,6.0
2024-03-25 11:56:13+01:00,C3,Stand,Waiting Area,0.0,False,6.0
2024-03-25 11:56:14+01:00,A2,Stand,Warehouse Area,0.0,False,6.0
2024-03-25 11:56:14+01:00,C2,Stand,Waiting Area,0.0,False,6.0
2024-03-25 11:56:14+01:00,C3,Stand,Waiting Area,0.0,False,6.0
2024-03-25 11:56:15+01:00,A2,Stand,Warehouse Area,0.0,False,6.0
2024-03-25 11:56:15+01:00,C2,Stand,Waiting Area,0.0,False,6.0
2024-03-25 11:56:15+01:00,C3,Stand,Waiting Area,0.0,False,6.0
2024-03-25 11:56:16+01:00,A2,Stand,Warehouse Area,0.0,False,6.0
2024-03-25 11:56:16+01:00,C2,Stand,Waiting Area,0.0,False,6.0
2024-03-25 11:56:16+01:00,C3,Stand,Waiting Area,0.0,False,6.0
2024-03-25 11:56:17+01:00,A2,Walk,Warehouse Area,0.0,False,6.0
2024-03-25 11:56:17+01:00,C2,Stand,Waiting Area,0.0,False,6.0
2024-03-25 11:56:17+01:00,C3,Stand,Waiting Area,0.0,False,6.0
2024-03-25 11:56:18+01:00,A2,Walk,Warehouse Area,0.0,False,6.0
2024-03-25 11:56:18+01:00,C2,Stand,Waiting Area,0.0,False,6.0
2024-03-25 11:56:18+01:00,C3,Stand,Waiting Area,0.0,False,6.0
2024-03-25 11:56:19+01:00,A2,Walk,Issue Area,0.0,False,6.0
2024-03-25 11:56:19+01:00,C2,Stand,Waiting Area,0.0,False,6.0
2024-03-25 11:56:19+01:00,C3,Stand,Waiting Area,0.0,False,6.0
2024-03-25 11:56:20+01:00,A2,Handling,Issue Area,0.0,False,8.0
2024-03-25 11:56:20+01:00,C2,Stand,Waiting Area,0.0,False,6.0
2024-03-25 11:56:20+01:00,C3,Stand,Waiting Area,0.0,False,6.0
2024-03-25 11:56:21+01:00,A2,Handling,Issue Area,0.0,False,8.0
2024-03-25 11:56:21+01:00,C2,Stand,Waiting Area,0.0,False,6.0
2024-03-25 11:56:21+01:00,C3,Stand,Waiting Area,0.0,False,6.0
2024-03-25 11:56:22+01:00,A2,Handling,Issue Area,0.0,False,8.0
2024-03-25 11:56:22+01:00,C2,Stand,Waiting Area,0.0,False,6.0
2024-03-25 11:56:22+01:00,C3,Stand,Waiting Area,0.0,False,6.0
2024-03-25 11:56:23+01:00,A2,Stand,Issue Area,0.0,False,6.0
2024-03-25 11:56:23+01:00,C2,Stand,Waiting Area,0.0,False,6.0
2024-03-25 11:56:23+01:00,C3,Stand,Waiting Area,0.0,False,6.0
2024-03-25 11:56:24+01:00,A2,Stand,Issue Area,0.0,False,6.0
2024-03-25 11:56:24+01:00,C2,Stand,Waiting Area,0.0,False,6.0
2024-03-25 11:56:24+01:00,C3,Stand,Waiting Area,0.0,False,6.0
2024-03-25 11:56:25+01:00,A2,Stand,Issue Area,0.0,False,6.0
2024-03-25 11:56:25+01:00,C2,Stand,Waiting Area,0.0,False,6.0
2024-03-25 11:56:25+01:00,C3,Stand,Waiting Area,0.0,False,6.0
2024-03-25 11:56:26+01:00,A2,Stand,Issue Area,0.0,False,6.0
2024-03-25 11:56:26+01:00,C2,Stand,Waiting Area,0.0,False,6.0
2024-03-25 11:56:26+01:00,C3,Walk,Waiting Area,1.1052631578947367,False,6.0
2024-03-25 11:56:27+01:00,A2,Handling,Issue Area,0.0,False,8.0
2024-03-25 11:56:27+01:00,C2,Stand,Waiting Area,0.0,False,6.0
2024-03-25 11:56:27+01:00,C3,Walk,Waiting Area,1.1052631578947367,False,6.0
2024-03-25 11:56:28+01:00,A2,Walk,Issue Area,0.0,False,6.0
2024-03-25 11:56:28+01:00,C2,Stand,Waiting Area,0.0,False,6.0
2024-03-25 11:56:28+01:00,C3,Walk,Waiting Area,1.1052631578947367,False,6.0
2024-03-25 11:56:29+01:00,A2,Walk,Issue Area,0.0,False,6.0
2024-03-25 11:56:29+01:00,C2,Stand,Waiting Area,0.0,False,6.0
2024-03-25 11:56:29+01:00,C3,Walk,Waiting Area,1.1052631578947367,False,6.0
2024-03-25 11:56:30+01:00,A2,Handling,Issue Area,0.0,False,8.0
2024-03-25 11:56:30+01:00,C2,Stand,Waiting Area,0.0,False,6.0
2024-03-25 11:56:30+01:00,C3,Walk,Waiting Area,1.1052631578947367,False,6.0
2024-03-25 11:56:31+01:00,A2,Stand,Issue Area,0.0,False,6.0
2024-03-25 11:56:31+01:00,C2,Stand,Waiting Area,0.0,False,6.0
2024-03-25 11:56:31+01:00,C3,Walk,Waiting Area,1.1052631578947367,False,6.0
2024-03-25 11:56:32+01:00,A2,Stand,Issue Area,0.0,False,6.0
2024-03-25 11:56:32+01:00,C2,Stand,Waiting Area,0.0,False,6.0
2024-03-25 11:56:32+01:00,C3,Walk,Waiting Area,1.1052631578947367,False,6.0
2024-03-25 11:56:33+01:00,A2,Stand,Issue Area,0.0,False,6.0
2024-03-25 11:56:33+01:00,C2,Stand,Waiting Area,0.0,False,6.0
2024-03-25 11:56:33+01:00,C3,Walk,Waiting Area,1.1052631578947367,False,6.0
2024-03-25 11:56:34+01:00,A2,Stand,Issue Area,0.0,False,6.0
2024-03-25 11:56:34+01:00,C2,Stand,Waiting Area,0.0,False,6.0
2024-03-25 11:56:34+01:00,C3,Walk,Waiting Area,1.1052631578947367,False,6.0
2024-03-25 11:56:35+01:00,A2,Stand,Issue Area,0.0,False,6.0
2024-03-25 11:56:35+01:00,C2,Stand,Waiting Area,0.0,False,6.0
2024-03-25 11:56:35+01:00,C3,Walk,Waiting Area,1.1052631578947367,False,6.0
2024-03-25 11:56:36+01:00,A2,Handling,Issue Area,0.0,False,8.0
2024-03-25 11:56:36+01:00,C2,Stand,Waiting Area,0.0,False,6.0
2024-03-25 11:56:36+01:00,C3,Walk,Self-Service Lending Area,1.1052631578947367,False,6.0
2024-03-25 11:56:37+01:00,A2,Handling,Issue Area,0.0,False,8.0
2024-03-25 11:56:37+01:00,C2,Stand,Waiting Area,0.0,False,6.0
2024-03-25 11:56:37+01:00,C3,Walk,Self-Service Lending Area,1.1052631578947367,False,6.0
2024-03-25 11:56:38+01:00,A2,Handling,Issue Area,0.0,False,8.0
2024-03-25 11:56:38+01:00,C2,Stand,Waiting Area,0.0,False,6.0
2024-03-25 11:56:38+01:00,C3,Handling,Self-Service Lending Area,0.0,False,7.0
2024-03-25 11:56:39+01:00,A2,Handling,Issue Area,0.0,False,8.0
2024-03-25 11:56:39+01:00,C2,Stand,Waiting Area,0.0,False,6.0
2024-03-25 11:56:39+01:00,C3,Walk,Self-Service Lending Area,0.0,False,6.0
2024-03-25 11:56:40+01:00,A2,Handling,Issue Area,0.0,False,8.0
2024-03-25 11:56:40+01:00,C2,Stand,Waiting Area,0.0,False,6.0
2024-03-25 11:56:40+01:00,C3,Walk,Self-Service Lending Area,0.0,False,6.0
2024-03-25 11:56:41+01:00,A2,Stand,Issue Area,0.0,False,6.0
2024-03-25 11:56:41+01:00,C2,Stand,Waiting Area,0.0,False,6.0
2024-03-25 11:56:41+01:00,C3,Walk,Issue Area,0.0,False,6.0
2024-03-25 11:56:42+01:00,A2,Stand,Issue Area,0.0,False,6.0
2024-03-25 11:56:42+01:00,C2,Stand,Waiting Area,0.0,False,6.0
2024-03-25 11:56:42+01:00,C3,Walk,Issue Area,0.0,False,6.0
2024-03-25 11:56:43+01:00,A2,Stand,Issue Area,0.0,False,6.0
2024-03-25 11:56:43+01:00,C2,Stand,Waiting Area,0.0,False,6.0
2024-03-25 11:56:43+01:00,C3,Handling,Issue Area,0.0,False,8.0
2024-03-25 11:56:44+01:00,A2,Stand,Issue Area,0.0,False,6.0
2024-03-25 11:56:44+01:00,C2,Stand,Waiting Area,0.0,False,6.0
2024-03-25 11:56:44+01:00,C3,Stand,Issue Area,0.0,False,6.0
2024-03-25 11:56:45+01:00,A2,Walk,Issue Area,0.0,False,6.0
2024-03-25 11:56:45+01:00,C2,Stand,Waiting Area,0.0,False,6.0
2024-03-25 11:56:45+01:00,C3,Stand,Issue Area,0.0,False,6.0
2024-03-25 11:56:46+01:00,A2,Handling,Issue Area,0.0,False,8.0
2024-03-25 11:56:46+01:00,C2,Stand,Waiting Area,0.0,False,6.0
2024-03-25 11:56:46+01:00,C3,Stand,Self-Service Lending Area,0.0,False,6.0
2024-03-25 11:56:47+01:00,A2,Handling,Issue Area,0.0,False,8.0
2024-03-25 11:56:47+01:00,C2,Stand,Waiting Area,0.0,False,6.0
2024-03-25 11:56:47+01:00,C3,Stand,Self-Service Lending Area,0.0,False,6.0
2024-03-25 11:56:48+01:00,A2,Handling,Issue Area,0.0,False,8.0
2024-03-25 11:56:48+01:00,C2,Stand,Waiting Area,0.0,False,6.0
2024-03-25 11:56:48+01:00,C3,Stand,Issue Area,0.0,False,6.0
2024-03-25 11:56:49+01:00,A2,Stand,Issue Area,0.0,False,6.0
2024-03-25 11:56:49+01:00,C2,Stand,Waiting Area,0.0,False,6.0
2024-03-25 11:56:49+01:00,C3,Stand,Issue Area,0.0,False,6.0
2024-03-25 11:56:50+01:00,A2,Stand,Issue Area,0.0,False,6.0
2024-03-25 11:56:50+01:00,C2,Stand,Waiting Area,0.0,False,6.0
2024-03-25 11:56:50+01:00,C3,Stand,Issue Area,0.0,False,6.0
2024-03-25 11:56:51+01:00,A2,Walk,Issue Area,0.0,False,6.0
2024-03-25 11:56:51+01:00,C2,Stand,Waiting Area,0.0,False,6.0
2024-03-25 11:56:51+01:00,C3,Stand,Issue Area,0.0,False,6.0
2024-03-25 11:56:52+01:00,A2,Handling,Issue Area,0.0,False,9.0
2024-03-25 11:56:52+01:00,C2,Stand,Waiting Area,0.0,False,6.0
2024-03-25 11:56:52+01:00,C3,Stand,Issue Area,0.0,False,6.0
2024-03-25 11:56:53+01:00,A2,Handling,Issue Area,0.0,False,7.5
2024-03-25 11:56:53+01:00,C2,Stand,Waiting Area,0.0,False,6.0
2024-03-25 11:56:53+01:00,C3,Stand,Issue Area,0.0,False,6.0
2024-03-25 11:56:54+01:00,A2,Walk,Issue Area,0.0,False,6.0
2024-03-25 11:56:54+01:00,C2,Stand,Waiting Area,0.0,False,6.0
2024-03-25 11:56:54+01:00,C3,Stand,Issue Area,0.0,False,6.0
2024-03-25 11:56:55+01:00,A2,Walk,Issue Area,0.0,False,6.0
2024-03-25 11:56:55+01:00,C2,Stand,Waiting Area,0.0,False,6.0
2024-03-25 11:56:55+01:00,C3,Stand,Issue Area,0.0,False,6.0
2024-03-25 11:56:56+01:00,A2,Handling,Issue Area,0.0,False,8.0
2024-03-25 11:56:56+01:00,C2,Stand,Waiting Area,0.0,False,6.0
2024-03-25 11:56:56+01:00,C3,Walk,Issue Area,0.0,False,6.0
2024-03-25 11:56:57+01:00,A2,Handling,Issue Area,0.0,False,8.0
2024-03-25 11:56:57+01:00,C2,Stand,Waiting Area,0.0,False,6.0
2024-03-25 11:56:57+01:00,C3,Stand,Self-Service Lending Area,0.0,False,6.0
2024-03-25 11:56:58+01:00,A2,Handling,Issue Area,0.0,False,8.0
2024-03-25 11:56:58+01:00,C2,Stand,Waiting Area,0.0,False,6.0
2024-03-25 11:56:58+01:00,C3,Stand,Self-Service Lending Area,0.0,False,6.0
2024-03-25 11:56:59+01:00,A2,Stand,Issue Area,0.0,False,6.0
2024-03-25 11:56:59+01:00,C2,Stand,Waiting Area,0.0,False,6.0
2024-03-25 11:56:59+01:00,C3,Stand,Self-Service Lending Area,0.0,False,6.0
2024-03-25 11:57:00+01:00,A2,Stand,Issue Area,0.0,False,6.0
2024-03-25 11:57:00+01:00,C2,Stand,Waiting Area,0.0,False,6.0
2024-03-25 11:57:00+01:00,C3,Stand,Self-Service Lending Area,0.0,False,6.0
2024-03-25 11:57:01+01:00,A2,Handling,Issue Area,0.0,False,8.0
2024-03-25 11:57:01+01:00,C2,Stand,Waiting Area,0.0,False,6.0
2024-03-25 11:57:01+01:00,C3,Stand,Self-Service Lending Area,0.0,False,6.0
2024-03-25 11:57:02+01:00,A2,Handling,Issue Area,0.0,False,8.0
2024-03-25 11:57:02+01:00,C2,Stand,Waiting Area,0.0,False,6.0
2024-03-25 11:57:02+01:00,C3,Stand,Self-Service Lending Area,0.0,False,6.0
2024-03-25 11:57:03+01:00,A2,Stand,Issue Area,0.0,False,6.0
2024-03-25 11:57:03+01:00,C2,Stand,Waiting Area,0.0,False,6.0
2024-03-25 11:57:03+01:00,C3,Stand,Self-Service Lending Area,0.0,False,6.0
2024-03-25 11:57:04+01:00,A2,Stand,Issue Area,0.0,False,6.0
2024-03-25 11:57:04+01:00,C2,Stand,Waiting Area,0.0,False,6.0
2024-03-25 11:57:04+01:00,C3,Stand,Issue Area,0.0,False,6.0
2024-03-25 11:57:05+01:00,A2,Handling,Issue Area,0.0,False,8.0
2024-03-25 11:57:05+01:00,C2,Stand,Waiting Area,0.0,False,6.0
2024-03-25 11:57:05+01:00,C3,Handling,Issue Area,0.0,False,7.0
2024-03-25 11:57:06+01:00,A2,Handling,Issue Area,0.0,False,8.0
2024-03-25 11:57:06+01:00,C2,Stand,Waiting Area,0.0,False,6.0
2024-03-25 11:57:06+01:00,C3,Handling,Issue Area,0.0,False,9.0
2024-03-25 11:57:07+01:00,A2,Walk,Issue Area,0.0,False,6.0
2024-03-25 11:57:07+01:00,C2,Stand,Waiting Area,0.0,False,6.0
2024-03-25 11:57:07+01:00,C3,Handling,Issue Area,0.0,False,8.0
2024-03-25 11:57:08+01:00,A2,Walk,Issue Area,0.0,False,6.0
2024-03-25 11:57:08+01:00,C2,Stand,Waiting Area,0.0,False,6.0
2024-03-25 11:57:08+01:00,C3,Handling,Issue Area,0.0,False,8.0
2024-03-25 11:57:09+01:00,A2,Stand,Issue Area,0.0,False,6.0
2024-03-25 11:57:09+01:00,C2,Stand,Waiting Area,0.0,False,6.0
2024-03-25 11:57:09+01:00,C3,Handling,Issue Area,0.0,False,9.0
2024-03-25 11:57:10+01:00,A2,Stand,Issue Area,0.0,False,6.0
2024-03-25 11:57:10+01:00,C2,Stand,Waiting Area,0.0,False,6.0
2024-03-25 11:57:10+01:00,C3,Walk,Issue Area,0.8166666666666665,False,6.0
2024-03-25 11:57:11+01:00,A2,Stand,Issue Area,0.0,False,6.0
2024-03-25 11:57:11+01:00,C2,Stand,Waiting Area,0.0,False,6.0
2024-03-25 11:57:11+01:00,C3,Walk,Issue Area,0.8166666666666665,False,6.0
2024-03-25 11:57:12+01:00,A2,Stand,Issue Area,0.0,False,6.0
2024-03-25 11:57:12+01:00,C2,Stand,Waiting Area,0.0,False,6.0
2024-03-25 11:57:12+01:00,C3,Walk,Issue Area,0.8166666666666665,False,6.0
2024-03-25 11:57:13+01:00,A2,Stand,Issue Area,0.0,False,6.0
2024-03-25 11:57:13+01:00,C2,Stand,Waiting Area,0.0,False,6.0
2024-03-25 11:57:13+01:00,C3,Walk,Issue Area,0.8166666666666665,False,6.0
2024-03-25 11:57:14+01:00,A2,Handling,Issue Area,0.0,False,8.0
2024-03-25 11:57:14+01:00,C2,Stand,Waiting Area,0.0,False,6.0
2024-03-25 11:57:14+01:00,C3,Walk,Issue Area,0.8166666666666665,False,6.0
2024-03-25 11:57:15+01:00,A2,Handling,Issue Area,0.0,False,8.0
2024-03-25 11:57:15+01:00,C2,Stand,Waiting Area,0.0,False,6.0
2024-03-25 11:57:15+01:00,C3,Walk,Issue Area,0.8166666666666665,False,6.0
2024-03-25 11:57:16+01:00,A2,Handling,Issue Area,0.0,False,8.0
2024-03-25 11:57:16+01:00,C2,Stand,Waiting Area,0.0,False,6.0
2024-03-25 11:57:16+01:00,C3,Stand,Issue Area,0.0,False,6.0
2024-03-25 11:57:17+01:00,A2,Handling,Issue Area,0.0,False,8.0
2024-03-25 11:57:17+01:00,C2,Stand,Waiting Area,0.0,False,6.0
2024-03-25 11:57:17+01:00,C3,Walk,Issue Area,0.0,False,6.0
2024-03-25 11:57:18+01:00,A2,Handling,Issue Area,0.0,False,8.0
2024-03-25 11:57:18+01:00,C2,Stand,Waiting Area,0.0,False,6.0
2024-03-25 11:57:18+01:00,C3,Walk,Issue Area,0.0,False,6.0
2024-03-25 11:57:19+01:00,A2,Stand,Issue Area,0.0,False,6.0
2024-03-25 11:57:19+01:00,C2,Stand,Waiting Area,0.0,False,6.0
2024-03-25 11:57:19+01:00,C3,Stand,Issue Area,0.0,False,6.0
2024-03-25 11:57:20+01:00,A2,Stand,Issue Area,0.0,False,6.0
2024-03-25 11:57:20+01:00,C2,Stand,Waiting Area,0.0,False,6.0
2024-03-25 11:57:20+01:00,C3,Stand,Issue Area,0.0,False,6.0
2024-03-25 11:57:21+01:00,A2,Stand,Issue Area,0.0,False,6.0
2024-03-25 11:57:21+01:00,C2,Stand,Waiting Area,0.0,False,6.0
2024-03-25 11:57:21+01:00,C3,Stand,Client Area,0.0,False,6.0
2024-03-25 11:57:22+01:00,A2,Stand,Issue Area,0.0,False,6.0
2024-03-25 11:57:22+01:00,C2,Stand,Waiting Area,0.0,False,6.0
2024-03-25 11:57:22+01:00,C3,Stand,Client Area,0.0,False,6.0
2024-03-25 11:57:23+01:00,A2,Stand,Issue Area,0.0,False,6.0
2024-03-25 11:57:23+01:00,C2,Stand,Waiting Area,0.0,False,6.0
2024-03-25 11:57:23+01:00,C3,Stand,Client Area,0.0,False,6.0
2024-03-25 11:57:24+01:00,A2,Stand,Issue Area,0.0,False,6.0
2024-03-25 11:57:24+01:00,C2,Stand,Waiting Area,0.0,False,6.0
2024-03-25 11:57:24+01:00,C3,Stand,Client Area,0.0,False,6.0
2024-03-25 11:57:25+01:00,A2,Stand,Working Area,0.0,False,6.0
2024-03-25 11:57:25+01:00,C2,Stand,Waiting Area,0.0,False,6.0
2024-03-25 11:57:25+01:00,C3,Stand,Client Area,0.0,False,6.0
2024-03-25 11:57:26+01:00,A2,Stand,Working Area,0.0,False,6.0
2024-03-25 11:57:26+01:00,C2,Stand,Waiting Area,0.0,False,6.0
2024-03-25 11:57:26+01:00,C3,Stand,Client Area,0.0,False,6.0
2024-03-25 11:57:27+01:00,A2,Handling,Working Area,0.0,False,8.0
2024-03-25 11:57:27+01:00,C2,Stand,Waiting Area,0.0,False,6.0
2024-03-25 11:57:27+01:00,C3,Stand,Client Area,0.0,False,6.0
2024-03-25 11:57:28+01:00,A2,Stand,Issue Area,0.0,False,6.0
2024-03-25 11:57:28+01:00,C2,Stand,Waiting Area,0.0,False,6.0
2024-03-25 11:57:28+01:00,C3,Stand,Client Area,0.0,False,6.0
2024-03-25 11:57:29+01:00,A2,Stand,Issue Area,0.0,False,6.0
2024-03-25 11:57:29+01:00,C2,Stand,Waiting Area,0.0,False,6.0
2024-03-25 11:57:29+01:00,C3,Stand,Client Area,0.0,False,6.0
2024-03-25 11:57:30+01:00,A2,Handling,Issue Area,0.0,False,8.0
2024-03-25 11:57:30+01:00,C2,Stand,Waiting Area,0.0,False,6.0
2024-03-25 11:57:30+01:00,C3,Stand,Issue Area,0.0,False,6.0
2024-03-25 11:57:31+01:00,A2,Handling,Issue Area,0.0,False,8.0
2024-03-25 11:57:31+01:00,C2,Stand,Waiting Area,0.0,False,6.0
2024-03-25 11:57:31+01:00,C3,Stand,Issue Area,0.0,False,6.0
2024-03-25 11:57:32+01:00,A2,Handling,Issue Area,0.0,False,8.0
2024-03-25 11:57:32+01:00,C2,Stand,Waiting Area,0.0,False,6.0
2024-03-25 11:57:32+01:00,C3,Stand,Issue Area,0.0,False,6.0
2024-03-25 11:57:33+01:00,A2,Stand,Issue Area,0.0,False,6.0
2024-03-25 11:57:33+01:00,C2,Stand,Waiting Area,0.0,False,6.0
2024-03-25 11:57:33+01:00,C3,Stand,Issue Area,0.0,False,6.0
2024-03-25 11:57:34+01:00,A2,Stand,Issue Area,0.0,False,6.0
2024-03-25 11:57:34+01:00,C2,Stand,Waiting Area,0.0,False,6.0
2024-03-25 11:57:34+01:00,C3,Walk,Issue Area,0.0,False,6.0
2024-03-25 11:57:35+01:00,A2,Walk,Issue Area,0.0,False,6.0
2024-03-25 11:57:35+01:00,C2,Stand,Waiting Area,0.0,False,6.0
2024-03-25 11:57:35+01:00,C3,Stand,Issue Area,0.0,False,6.0
2024-03-25 11:57:36+01:00,A2,Handling,Issue Area,0.0,False,8.0
2024-03-25 11:57:36+01:00,C2,Stand,Waiting Area,0.0,False,6.0
2024-03-25 11:57:36+01:00,C3,Stand,Issue Area,0.0,False,6.0
2024-03-25 11:57:37+01:00,A2,Walk,Issue Area,0.0,False,6.0
2024-03-25 11:57:37+01:00,C2,Stand,Waiting Area,0.0,False,6.0
2024-03-25 11:57:37+01:00,C3,Stand,Issue Area,0.0,False,6.0
2024-03-25 11:57:38+01:00,A2,Walk,Issue Area,0.0,False,6.0
2024-03-25 11:57:38+01:00,C2,Stand,Waiting Area,0.0,False,6.0
2024-03-25 11:57:38+01:00,C3,Stand,Issue Area,0.0,False,6.0
2024-03-25 11:57:39+01:00,A2,Handling,Issue Area,0.0,False,9.0
2024-03-25 11:57:39+01:00,C2,Stand,Waiting Area,0.0,False,6.0
2024-03-25 11:57:39+01:00,C3,Stand,Issue Area,0.0,False,6.0
2024-03-25 11:57:40+01:00,A2,Walk,Issue Area,0.0,False,6.0
2024-03-25 11:57:40+01:00,C2,Stand,Waiting Area,0.0,False,6.0
2024-03-25 11:57:40+01:00,C3,Stand,Issue Area,0.0,False,6.0
2024-03-25 11:57:41+01:00,A2,Walk,Issue Area,0.0,False,6.0
2024-03-25 11:57:41+01:00,C2,Stand,Waiting Area,0.0,False,6.0
2024-03-25 11:57:41+01:00,C3,Stand,Issue Area,0.0,False,6.0
2024-03-25 11:57:42+01:00,A2,Handling,Issue Area,0.0,False,8.0
2024-03-25 11:57:42+01:00,C2,Stand,Waiting Area,0.0,False,6.0
2024-03-25 11:57:42+01:00,C3,Stand,Issue Area,0.0,False,6.0
2024-03-25 11:57:43+01:00,A2,Handling,Issue Area,0.0,False,8.0
2024-03-25 11:57:43+01:00,C2,Stand,Waiting Area,0.0,False,6.0
2024-03-25 11:57:43+01:00,C3,Stand,Issue Area,0.0,False,6.0
2024-03-25 11:57:44+01:00,A2,Handling,Issue Area,0.0,False,8.0
2024-03-25 11:57:44+01:00,C2,Stand,Waiting Area,0.0,False,6.0
2024-03-25 11:57:44+01:00,C3,Stand,Issue Area,0.0,False,6.0
2024-03-25 11:57:45+01:00,A2,Handling,Issue Area,0.0,False,8.0
2024-03-25 11:57:45+01:00,C2,Stand,Waiting Area,0.0,False,6.0
2024-03-25 11:57:45+01:00,C3,Stand,Issue Area,0.0,False,6.0
2024-03-25 11:57:46+01:00,A2,Handling,Issue Area,0.0,False,8.0
2024-03-25 11:57:46+01:00,C2,Stand,Waiting Area,0.0,False,6.0
2024-03-25 11:57:46+01:00,C3,Stand,Issue Area,0.0,False,6.0
2024-03-25 11:57:47+01:00,A2,Handling,Issue Area,0.0,False,8.0
2024-03-25 11:57:47+01:00,C2,Stand,Waiting Area,0.0,False,6.0
2024-03-25 11:57:47+01:00,C3,Stand,Issue Area,0.0,False,6.0
2024-03-25 11:57:48+01:00,A2,Handling,Issue Area,0.0,False,8.0
2024-03-25 11:57:48+01:00,C2,Stand,Waiting Area,0.0,False,6.0
2024-03-25 11:57:48+01:00,C3,Stand,Issue Area,0.0,False,6.0
2024-03-25 11:57:49+01:00,A2,Handling,Issue Area,0.0,False,9.0
2024-03-25 11:57:49+01:00,C2,Stand,Waiting Area,0.0,False,6.0
2024-03-25 11:57:49+01:00,C3,Walk,Issue Area,0.0,False,6.0
2024-03-25 11:57:50+01:00,A2,Handling,Issue Area,0.0,False,9.0
2024-03-25 11:57:50+01:00,C2,Stand,Waiting Area,0.0,False,6.0
2024-03-25 11:57:50+01:00,C3,Walk,Issue Area,0.0,False,6.0
2024-03-25 11:57:51+01:00,A2,Handling,Issue Area,0.0,False,8.5
2024-03-25 11:57:51+01:00,C2,Stand,Waiting Area,0.0,False,6.0
2024-03-25 11:57:51+01:00,C3,Stand,Issue Area,0.0,False,6.0
2024-03-25 11:57:52+01:00,A2,Handling,Issue Area,0.0,False,8.0
2024-03-25 11:57:52+01:00,C2,Stand,Waiting Area,0.0,False,6.0
2024-03-25 11:57:52+01:00,C3,Stand,Issue Area,0.0,False,6.0
2024-03-25 11:57:53+01:00,A2,Handling,Issue Area,0.0,False,7.0
2024-03-25 11:57:53+01:00,C2,Stand,Waiting Area,0.0,False,6.0
2024-03-25 11:57:53+01:00,C3,Stand,Issue Area,0.0,False,6.0
2024-03-25 11:57:54+01:00,A2,Handling,Issue Area,0.0,False,8.0
2024-03-25 11:57:54+01:00,C2,Stand,Waiting Area,0.0,False,6.0
2024-03-25 11:57:54+01:00,C3,Stand,Issue Area,0.0,False,6.0
2024-03-25 11:57:55+01:00,A2,Handling,Issue Area,0.0,False,8.0
2024-03-25 11:57:55+01:00,C2,Stand,Waiting Area,0.0,False,6.0
2024-03-25 11:57:55+01:00,C3,Stand,Issue Area,0.0,False,6.0
2024-03-25 11:57:56+01:00,A2,Handling,Issue Area,0.0,False,8.0
2024-03-25 11:57:56+01:00,C2,Stand,Waiting Area,0.0,False,6.0
2024-03-25 11:57:56+01:00,C3,Stand,Issue Area,0.0,False,6.0
2024-03-25 11:57:57+01:00,A2,Handling,Issue Area,0.0,False,8.0
2024-03-25 11:57:57+01:00,C2,Stand,Waiting Area,0.0,False,6.0
2024-03-25 11:57:57+01:00,C3,Stand,Issue Area,0.0,False,6.0
2024-03-25 11:57:58+01:00,A2,Handling,Issue Area,0.0,False,8.0
2024-03-25 11:57:58+01:00,C2,Stand,Waiting Area,0.0,False,6.0
2024-03-25 11:57:58+01:00,C3,Stand,Issue Area,0.0,False,6.0
2024-03-25 11:57:59+01:00,A2,Handling,Issue Area,0.0,False,8.0
2024-03-25 11:57:59+01:00,C2,Stand,Waiting Area,0.0,False,6.0
2024-03-25 11:57:59+01:00,C3,Stand,Issue Area,0.0,False,6.0
2024-03-25 11:58:00+01:00,A2,Handling,Issue Area,0.0,False,8.0
2024-03-25 11:58:00+01:00,C2,Stand,Waiting Area,0.0,False,6.0
2024-03-25 11:58:00+01:00,C3,Stand,Issue Area,0.0,False,6.0
2024-03-25 11:58:01+01:00,A2,Handling,Issue Area,0.0,False,8.0
2024-03-25 11:58:01+01:00,C2,Stand,Waiting Area,0.0,False,6.0
2024-03-25 11:58:01+01:00,C3,Stand,Issue Area,0.0,False,6.0
2024-03-25 11:58:02+01:00,A2,Handling,Issue Area,0.0,False,8.0
2024-03-25 11:58:02+01:00,C2,Stand,Waiting Area,0.0,False,6.0
2024-03-25 11:58:02+01:00,C3,Stand,Issue Area,0.0,False,6.0
2024-03-25 11:58:03+01:00,A2,Handling,Issue Area,0.0,False,8.0
2024-03-25 11:58:03+01:00,C2,Stand,Waiting Area,0.0,False,6.0
2024-03-25 11:58:03+01:00,C3,Stand,Issue Area,0.0,False,6.0
2024-03-25 11:58:04+01:00,A2,Handling,Issue Area,0.0,False,8.0
2024-03-25 11:58:04+01:00,C2,Stand,Waiting Area,0.0,False,6.0
2024-03-25 11:58:04+01:00,C3,Stand,Issue Area,0.0,False,6.0
2024-03-25 11:58:05+01:00,A2,Handling,Issue Area,0.0,False,8.0
2024-03-25 11:58:05+01:00,C2,Stand,Waiting Area,0.0,False,6.0
2024-03-25 11:58:05+01:00,C3,Stand,Issue Area,0.0,False,6.0
2024-03-25 11:58:06+01:00,A2,Handling,Issue Area,0.0,False,8.0
2024-03-25 11:58:06+01:00,C2,Stand,Waiting Area,0.0,False,6.0
2024-03-25 11:58:06+01:00,C3,Stand,Issue Area,0.0,False,6.0
2024-03-25 11:58:07+01:00,A2,Handling,Issue Area,0.0,False,8.0
2024-03-25 11:58:07+01:00,C2,Stand,Waiting Area,0.0,False,6.0
2024-03-25 11:58:07+01:00,C3,Stand,Issue Area,0.0,False,6.0
2024-03-25 11:58:08+01:00,A2,Stand,Issue Area,0.0,False,6.0
2024-03-25 11:58:08+01:00,C2,Stand,Waiting Area,0.0,False,6.0
2024-03-25 11:58:08+01:00,C3,Stand,Issue Area,0.0,False,6.0
2024-03-25 11:58:09+01:00,A2,Stand,Issue Area,0.0,False,6.0
2024-03-25 11:58:09+01:00,C2,Stand,Waiting Area,0.0,False,6.0
2024-03-25 11:58:09+01:00,C3,Stand,Issue Area,0.0,False,6.0
2024-03-25 11:58:10+01:00,A2,Stand,Issue Area,0.0,False,6.0
2024-03-25 11:58:10+01:00,C2,Stand,Waiting Area,0.0,False,6.0
2024-03-25 11:58:10+01:00,C3,Stand,Working Area,0.0,False,6.0
2024-03-25 11:58:11+01:00,A2,Stand,Issue Area,0.0,False,6.0
2024-03-25 11:58:11+01:00,C2,Stand,Waiting Area,0.0,False,6.0
2024-03-25 11:58:11+01:00,C3,Stand,Working Area,0.0,False,6.0
2024-03-25 11:58:12+01:00,A2,Handling,Issue Area,0.0,False,8.0
2024-03-25 11:58:12+01:00,C2,Stand,Waiting Area,0.0,False,6.0
2024-03-25 11:58:12+01:00,C3,Stand,Issue Area,0.0,False,6.0
2024-03-25 11:58:13+01:00,A2,Handling,Issue Area,0.0,False,8.0
2024-03-25 11:58:13+01:00,C2,Stand,Waiting Area,0.0,False,6.0
2024-03-25 11:58:13+01:00,C3,Stand,Client Area,0.0,False,6.0
2024-03-25 11:58:14+01:00,A2,Handling,Issue Area,0.0,False,8.0
2024-03-25 11:58:14+01:00,C2,Stand,Waiting Area,0.0,False,6.0
2024-03-25 11:58:14+01:00,C3,Stand,Client Area,0.0,False,6.0
2024-03-25 11:58:15+01:00,A2,Handling,Issue Area,0.0,False,8.0
2024-03-25 11:58:15+01:00,C2,Stand,Waiting Area,0.0,False,6.0
2024-03-25 11:58:15+01:00,C3,Stand,Client Area,0.0,False,6.0
2024-03-25 11:58:16+01:00,A2,Handling,Issue Area,0.0,False,8.0
2024-03-25 11:58:16+01:00,C2,Stand,Waiting Area,0.0,False,6.0
2024-03-25 11:58:16+01:00,C3,Stand,Client Area,0.0,False,6.0
2024-03-25 11:58:17+01:00,A2,Handling,Issue Area,0.0,False,8.0
2024-03-25 11:58:17+01:00,C2,Stand,Waiting Area,0.0,False,6.0
2024-03-25 11:58:17+01:00,C3,Stand,Client Area,0.0,False,6.0
2024-03-25 11:58:18+01:00,A2,Handling,Issue Area,0.0,False,8.0
2024-03-25 11:58:18+01:00,C2,Stand,Waiting Area,0.0,False,6.0
2024-03-25 11:58:18+01:00,C3,Stand,Client Area,0.0,False,6.0
2024-03-25 11:58:19+01:00,A2,Handling,Issue Area,0.0,False,8.0
2024-03-25 11:58:19+01:00,C2,Stand,Waiting Area,0.0,False,6.0
2024-03-25 11:58:19+01:00,C3,Stand,Client Area,0.0,False,6.0
2024-03-25 11:58:20+01:00,A2,Handling,Issue Area,0.0,False,8.0
2024-03-25 11:58:20+01:00,C2,Stand,Waiting Area,0.0,False,6.0
2024-03-25 11:58:20+01:00,C3,Stand,Client Area,0.0,False,6.0
2024-03-25 11:58:21+01:00,A2,Handling,Issue Area,0.0,False,8.0
2024-03-25 11:58:21+01:00,C2,Stand,Waiting Area,0.0,False,6.0
2024-03-25 11:58:21+01:00,C3,Stand,Client Area,0.0,False,6.0
2024-03-25 11:58:22+01:00,A2,Handling,Issue Area,0.0,False,8.0
2024-03-25 11:58:22+01:00,C2,Handling,Waiting Area,0.0,False,8.0
2024-03-25 11:58:22+01:00,C3,Stand,Client Area,0.0,False,6.0
2024-03-25 11:58:23+01:00,A2,Handling,Issue Area,0.0,False,8.0
2024-03-25 11:58:23+01:00,C2,Handling,Waiting Area,0.0,False,8.0
2024-03-25 11:58:23+01:00,C3,Stand,Client Area,0.0,False,6.0
2024-03-25 11:58:24+01:00,A2,Handling,Issue Area,0.0,False,8.0
2024-03-25 11:58:24+01:00,C2,Handling,Waiting Area,0.0,False,8.0
2024-03-25 11:58:24+01:00,C3,Stand,Client Area,0.0,False,6.0
2024-03-25 11:58:25+01:00,A2,Handling,Issue Area,0.0,False,8.0
2024-03-25 11:58:25+01:00,C2,Stand,Waiting Area,0.0,False,6.0
2024-03-25 11:58:25+01:00,C3,Walk,Client Area,0.6603773584905661,False,6.0
2024-03-25 11:58:26+01:00,A2,Handling,Issue Area,0.0,False,8.0
2024-03-25 11:58:26+01:00,C2,Stand,Waiting Area,0.0,False,6.0
2024-03-25 11:58:26+01:00,C3,Walk,Client Area,0.6603773584905661,False,6.0
2024-03-25 11:58:27+01:00,A2,Stand,Issue Area,0.0,False,6.0
2024-03-25 11:58:27+01:00,C2,Stand,Waiting Area,0.0,False,6.0
2024-03-25 11:58:27+01:00,C3,Walk,Client Area,0.6603773584905661,False,6.0
2024-03-25 11:58:28+01:00,A2,Handling,Issue Area,0.0,False,8.0
2024-03-25 11:58:28+01:00,C2,Stand,Waiting Area,0.0,False,6.0
2024-03-25 11:58:28+01:00,C3,Walk,Client Area,0.6603773584905661,False,6.0
2024-03-25 11:58:29+01:00,A2,Handling,Issue Area,0.0,False,8.0
2024-03-25 11:58:29+01:00,C2,Stand,Waiting Area,0.0,False,6.0
2024-03-25 11:58:29+01:00,C3,Walk,Client Area,0.6603773584905661,False,6.0
2024-03-25 11:58:30+01:00,A2,Handling,Issue Area,0.0,False,8.0
2024-03-25 11:58:30+01:00,C2,Stand,Waiting Area,0.0,False,6.0
2024-03-25 11:58:30+01:00,C3,Handling,Client Area,0.0,False,8.0
2024-03-25 11:58:31+01:00,A2,Walk,Issue Area,0.0,False,6.0
2024-03-25 11:58:31+01:00,C2,Stand,Waiting Area,0.0,False,6.0
2024-03-25 11:58:31+01:00,C3,Walk,Client Area,0.0,False,6.0
2024-03-25 11:58:32+01:00,A2,Walk,Issue Area,0.0,False,6.0
2024-03-25 11:58:32+01:00,C2,Stand,Waiting Area,0.0,False,6.0
2024-03-25 11:58:32+01:00,C3,Walk,Client Area,0.0,False,6.0
2024-03-25 11:58:33+01:00,A2,Walk,Issue Area,0.0,False,6.0
2024-03-25 11:58:33+01:00,C2,Handling,Waiting Area,0.0,False,7.0
2024-03-25 11:58:33+01:00,C3,Walk,Client Area,0.0,False,6.0
2024-03-25 11:58:34+01:00,A2,Handling,Issue Area,0.0,False,8.0
2024-03-25 11:58:34+01:00,C2,Stand,Waiting Area,0.0,False,6.0
2024-03-25 11:58:34+01:00,C3,Walk,Issue Area,0.0,False,6.0
2024-03-25 11:58:35+01:00,A2,Stand,Issue Area,0.0,False,6.0
2024-03-25 11:58:35+01:00,C2,Handling,Waiting Area,0.0,False,7.0
2024-03-25 11:58:35+01:00,C3,Stand,Issue Area,0.0,False,6.0
2024-03-25 11:58:36+01:00,A2,Stand,Issue Area,0.0,False,6.0
2024-03-25 11:58:36+01:00,C2,Handling,Waiting Area,0.0,False,7.0
2024-03-25 11:58:36+01:00,C3,Handling,Issue Area,0.0,False,8.0
2024-03-25 11:58:37+01:00,A2,Handling,Issue Area,0.0,False,8.0
2024-03-25 11:58:37+01:00,C2,Stand,Waiting Area,0.0,False,6.0
2024-03-25 11:58:37+01:00,C3,Handling,Issue Area,0.0,False,8.0
2024-03-25 11:58:38+01:00,A2,Handling,Issue Area,0.0,False,8.0
2024-03-25 11:58:38+01:00,C2,Handling,Waiting Area,0.0,False,7.0
2024-03-25 11:58:38+01:00,C3,Handling,Issue Area,0.0,False,8.0
2024-03-25 11:58:39+01:00,A2,Handling,Issue Area,0.0,False,8.0
2024-03-25 11:58:39+01:00,C2,Stand,Waiting Area,0.0,False,6.0
2024-03-25 11:58:39+01:00,C3,Stand,Issue Area,0.0,False,6.0
2024-03-25 11:58:40+01:00,A2,Handling,Issue Area,0.0,False,8.0
2024-03-25 11:58:40+01:00,C2,Handling,Waiting Area,0.0,False,7.0
2024-03-25 11:58:40+01:00,C3,Stand,Issue Area,0.0,False,6.0
2024-03-25 11:58:41+01:00,A2,Handling,Issue Area,0.0,False,7.0
2024-03-25 11:58:41+01:00,C2,Stand,Waiting Area,0.0,False,6.0
2024-03-25 11:58:41+01:00,C3,Stand,Issue Area,0.0,False,6.0
2024-03-25 11:58:42+01:00,A2,Walk,Issue Area,0.0,False,6.0
2024-03-25 11:58:42+01:00,C2,Handling,Waiting Area,0.0,False,7.0
2024-03-25 11:58:42+01:00,C3,Stand,Issue Area,0.0,False,6.0
2024-03-25 11:58:43+01:00,A2,Handling,Issue Area,0.0,False,8.0
2024-03-25 11:58:43+01:00,C2,Handling,Waiting Area,0.0,False,6.5
2024-03-25 11:58:43+01:00,C3,Stand,Self-Service Lending Area,0.0,False,6.0
2024-03-25 11:58:44+01:00,A2,Handling,Issue Area,0.0,False,8.0
2024-03-25 11:58:44+01:00,C2,Stand,Waiting Area,0.0,False,6.0
2024-03-25 11:58:44+01:00,C3,Walk,Self-Service Lending Area,0.9199999999999999,False,6.0
2024-03-25 11:58:45+01:00,A2,Walk,Issue Area,0.0,False,6.0
2024-03-25 11:58:45+01:00,C2,Handling,Waiting Area,0.0,False,7.0
2024-03-25 11:58:45+01:00,C3,Walk,Self-Service Lending Area,0.9199999999999999,False,6.0
2024-03-25 11:58:46+01:00,A2,Walk,Client Area,0.0,False,6.0
2024-03-25 11:58:46+01:00,C2,Stand,Waiting Area,0.0,False,6.0
2024-03-25 11:58:46+01:00,C3,Walk,Self-Service Lending Area,0.9199999999999999,False,6.0
2024-03-25 11:58:47+01:00,A2,Walk,Client Area,0.0,False,6.0
2024-03-25 11:58:47+01:00,C2,Stand,Waiting Area,0.0,False,6.0
2024-03-25 11:58:47+01:00,C3,Walk,Self-Service Lending Area,0.9199999999999999,False,6.0
2024-03-25 11:58:48+01:00,A2,Walk,Client Area,0.0,False,6.0
2024-03-25 11:58:48+01:00,C2,Stand,Waiting Area,0.0,False,6.0
2024-03-25 11:58:48+01:00,C3,Walk,Self-Service Lending Area,0.9199999999999999,False,6.0
2024-03-25 11:58:49+01:00,A2,Handling,Client Area,0.0,False,7.0
2024-03-25 11:58:49+01:00,C2,Stand,Waiting Area,0.0,False,6.0
2024-03-25 11:58:49+01:00,C3,Walk,Self-Service Lending Area,0.9199999999999999,False,6.0
2024-03-25 11:58:50+01:00,A2,Stand,Self-Service Lending Area,0.0,False,6.0
2024-03-25 11:58:50+01:00,C2,Stand,Waiting Area,0.0,False,6.0
2024-03-25 11:58:50+01:00,C3,Walk,Waiting Area,0.9199999999999999,False,6.0
2024-03-25 11:58:51+01:00,A2,Stand,Self-Service Lending Area,0.0,False,6.0
2024-03-25 11:58:51+01:00,C2,Stand,Waiting Area,0.0,False,6.0
2024-03-25 11:58:51+01:00,C3,Walk,Waiting Area,0.9199999999999999,False,6.0
2024-03-25 11:58:52+01:00,A2,Stand,Client Area,0.0,False,6.0
2024-03-25 11:58:52+01:00,C2,Stand,Waiting Area,0.0,False,6.0
2024-03-25 11:58:52+01:00,C3,Walk,Waiting Area,0.9199999999999999,False,6.0
2024-03-25 11:58:53+01:00,A2,Handling,Client Area,0.0,False,8.0
2024-03-25 11:58:53+01:00,C2,Stand,Waiting Area,0.0,False,6.0
2024-03-25 11:58:53+01:00,C3,Walk,Waiting Area,0.9199999999999999,False,6.0
2024-03-25 11:58:54+01:00,A2,Handling,Issue Area,0.0,False,8.0
2024-03-25 11:58:54+01:00,C2,Stand,Waiting Area,0.0,False,6.0
2024-03-25 11:58:54+01:00,C3,Walk,Waiting Area,0.9199999999999999,False,6.0
2024-03-25 11:58:55+01:00,A2,Walk,Issue Area,1.0327868852459017,False,6.0
2024-03-25 11:58:55+01:00,C2,Stand,Waiting Area,0.0,False,6.0
2024-03-25 11:58:55+01:00,C3,Walk,Waiting Area,0.9199999999999999,False,6.0
2024-03-25 11:58:56+01:00,A2,Walk,Issue Area,1.0327868852459017,False,6.0
2024-03-25 11:58:56+01:00,C2,Stand,Waiting Area,0.0,False,6.0
2024-03-25 11:58:56+01:00,C3,Walk,Waiting Area,0.9199999999999999,False,6.0
2024-03-25 11:58:57+01:00,A2,Walk,Issue Area,1.0327868852459017,False,6.0
2024-03-25 11:58:57+01:00,C2,Stand,Waiting Area,0.0,False,6.0
2024-03-25 11:58:57+01:00,C3,Walk,Waiting Area,0.9199999999999999,False,6.0
2024-03-25 11:58:58+01:00,A2,Walk,Working Area,1.0327868852459017,False,6.0
2024-03-25 11:58:58+01:00,C2,Stand,Waiting Area,0.0,False,6.0
2024-03-25 11:58:58+01:00,C3,Walk,Waiting Area,0.9199999999999999,False,6.0
2024-03-25 11:58:59+01:00,A2,Walk,Working Area,1.0327868852459017,False,6.0
2024-03-25 11:58:59+01:00,C2,Handling,Waiting Area,0.0,False,8.5
2024-03-25 11:58:59+01:00,C3,Walk,Waiting Area,0.9199999999999999,False,6.0
2024-03-25 11:59:00+01:00,A2,Walk,Working Area,1.0327868852459017,False,6.0
2024-03-25 11:59:00+01:00,C2,Handling,Waiting Area,0.0,False,9.0
2024-03-25 11:59:00+01:00,C3,Walk,Waiting Area,0.9199999999999999,False,6.0
2024-03-25 11:59:01+01:00,A2,Handling,Working Area,0.0,False,9.0
2024-03-25 11:59:01+01:00,C2,Walk,Waiting Area,1.1506849315068493,False,6.0
2024-03-25 11:59:01+01:00,C3,Walk,Waiting Area,0.9199999999999999,False,6.0
2024-03-25 11:59:02+01:00,A2,Handling,Working Area,0.0,False,8.5
2024-03-25 11:59:02+01:00,C2,Walk,Waiting Area,1.1506849315068493,False,6.0
2024-03-25 11:59:02+01:00,C3,Handling,Waiting Area,0.0,False,8.0
2024-03-25 11:59:03+01:00,A2,Handling,Working Area,0.0,False,8.0
2024-03-25 11:59:03+01:00,C2,Walk,Waiting Area,1.1506849315068493,False,6.0
2024-03-25 11:59:03+01:00,C3,Handling,Waiting Area,0.0,False,8.0
2024-03-25 11:59:04+01:00,A2,Handling,Working Area,0.0,False,8.0
2024-03-25 11:59:04+01:00,C2,Walk,Waiting Area,1.1506849315068493,False,6.0
2024-03-25 11:59:04+01:00,C3,Handling,Waiting Area,0.0,False,8.0
2024-03-25 11:59:05+01:00,A2,Handling,Working Area,0.0,False,8.0
2024-03-25 11:59:05+01:00,C2,Walk,Waiting Area,1.1506849315068493,False,6.0
2024-03-25 11:59:05+01:00,C3,Walk,Waiting Area,0.0,False,6.0
2024-03-25 11:59:06+01:00,A2,Stand,Working Area,0.0,False,6.0
2024-03-25 11:59:06+01:00,C2,Walk,Warehouse Area,1.1506849315068493,False,6.0
2024-03-25 11:59:06+01:00,C3,Walk,Waiting Area,0.0,False,6.0
2024-03-25 11:59:07+01:00,A2,Stand,Working Area,0.0,False,6.0
2024-03-25 11:59:07+01:00,C2,Walk,Warehouse Area,1.1506849315068493,False,6.0
2024-03-25 11:59:07+01:00,C3,Walk,Waiting Area,0.0,False,6.0
2024-03-25 11:59:08+01:00,A2,Handling,Working Area,0.0,False,8.0
2024-03-25 11:59:08+01:00,C2,Stand,Warehouse Area,0.0,False,6.0
2024-03-25 11:59:08+01:00,C3,Walk,Waiting Area,0.0,False,6.0
2024-03-25 11:59:09+01:00,A2,Handling,Working Area,0.0,False,8.0
2024-03-25 11:59:09+01:00,C2,Handling,Warehouse Area,0.0,False,7.0
2024-03-25 11:59:09+01:00,C3,Handling,Waiting Area,0.0,False,8.5
2024-03-25 11:59:10+01:00,A2,Handling,Working Area,0.0,False,8.0
2024-03-25 11:59:10+01:00,C2,Handling,Warehouse Area,0.0,False,8.0
2024-03-25 11:59:10+01:00,C3,Handling,Waiting Area,0.0,False,9.0
2024-03-25 11:59:11+01:00,A2,Handling,Working Area,0.0,False,8.0
2024-03-25 11:59:11+01:00,C2,Handling,Warehouse Area,0.0,False,8.0
2024-03-25 11:59:11+01:00,C3,Handling,Waiting Area,0.0,False,8.0
2024-03-25 11:59:12+01:00,A2,Handling,Working Area,0.0,False,8.0
2024-03-25 11:59:12+01:00,C2,Handling,Warehouse Area,0.0,False,8.0
2024-03-25 11:59:12+01:00,C3,Handling,Waiting Area,0.0,False,9.0
2024-03-25 11:59:13+01:00,A2,Handling,Working Area,0.0,False,8.0
2024-03-25 11:59:13+01:00,C2,Handling,Warehouse Area,0.0,False,8.0
2024-03-25 11:59:13+01:00,C3,Handling,Waiting Area,0.0,False,9.0
2024-03-25 11:59:14+01:00,A2,Handling,Working Area,0.0,False,8.0
2024-03-25 11:59:14+01:00,C2,Stand,Warehouse Area,0.0,False,6.0
2024-03-25 11:59:14+01:00,C3,Handling,Waiting Area,0.0,False,9.0
2024-03-25 11:59:15+01:00,A2,Handling,Working Area,0.0,False,8.0
2024-03-25 11:59:15+01:00,C2,Handling,Warehouse Area,0.0,False,7.0
2024-03-25 11:59:15+01:00,C3,Stand,Waiting Area,0.0,False,6.0
2024-03-25 11:59:16+01:00,A2,Handling,Working Area,0.0,False,8.0
2024-03-25 11:59:16+01:00,C2,Stand,Waiting Area,0.0,False,6.0
2024-03-25 11:59:16+01:00,C3,Stand,Waiting Area,0.0,False,6.0
2024-03-25 11:59:17+01:00,A2,Handling,Working Area,0.0,False,8.0
2024-03-25 11:59:17+01:00,C2,Stand,Waiting Area,0.0,False,6.0
2024-03-25 11:59:17+01:00,C3,Handling,Waiting Area,0.0,False,9.0
2024-03-25 11:59:18+01:00,A2,Handling,Working Area,0.0,False,8.0
2024-03-25 11:59:18+01:00,C2,Handling,Waiting Area,0.0,False,8.0
2024-03-25 11:59:18+01:00,C3,Handling,Waiting Area,0.0,False,9.0
2024-03-25 11:59:19+01:00,A2,Handling,Working Area,0.0,False,8.0
2024-03-25 11:59:19+01:00,C2,Handling,Waiting Area,0.0,False,8.0
2024-03-25 11:59:19+01:00,C3,Handling,Waiting Area,0.0,False,9.0
2024-03-25 11:59:20+01:00,A2,Handling,Working Area,0.0,False,8.0
2024-03-25 11:59:20+01:00,C2,Walk,Waiting Area,0.0,False,6.0
2024-03-25 11:59:20+01:00,C3,Handling,Waiting Area,0.0,False,9.0
2024-03-25 11:59:21+01:00,A2,Handling,Working Area,0.0,False,8.0
2024-03-25 11:59:21+01:00,C2,Handling,Waiting Area,0.0,False,8.0
2024-03-25 11:59:21+01:00,C3,Handling,Waiting Area,0.0,False,8.0
2024-03-25 11:59:22+01:00,A2,Handling,Working Area,0.0,False,7.0
2024-03-25 11:59:22+01:00,C2,Handling,Waiting Area,0.0,False,8.0
2024-03-25 11:59:22+01:00,C3,Stand,Waiting Area,0.0,False,6.0
2024-03-25 11:59:23+01:00,A2,Handling,Working Area,0.0,False,8.0
2024-03-25 11:59:23+01:00,C2,Handling,Waiting Area,0.0,False,8.0
2024-03-25 11:59:23+01:00,C3,Stand,Waiting Area,0.0,False,6.0
2024-03-25 11:59:24+01:00,A2,Handling,Working Area,0.0,False,8.0
2024-03-25 11:59:24+01:00,C2,Stand,Waiting Area,0.0,False,6.0
2024-03-25 11:59:24+01:00,C3,Stand,Waiting Area,0.0,False,6.0
2024-03-25 11:59:25+01:00,A2,Handling,Working Area,0.0,False,8.0
2024-03-25 11:59:25+01:00,C2,Stand,Waiting Area,0.0,False,6.0
2024-03-25 11:59:25+01:00,C3,Stand,Waiting Area,0.0,False,6.0
2024-03-25 11:59:26+01:00,A2,Handling,Working Area,0.0,False,8.0
2024-03-25 11:59:26+01:00,C2,Stand,Waiting Area,0.0,False,6.0
2024-03-25 11:59:26+01:00,C3,Stand,Waiting Area,0.0,False,6.0
2024-03-25 11:59:27+01:00,A2,Handling,Working Area,0.0,False,8.0
2024-03-25 11:59:27+01:00,C2,Stand,Waiting Area,0.0,False,6.0
2024-03-25 11:59:27+01:00,C3,Stand,Waiting Area,0.0,False,6.0
2024-03-25 11:59:28+01:00,A2,Handling,Working Area,0.0,False,8.0
2024-03-25 11:59:28+01:00,C2,Stand,Waiting Area,0.0,False,6.0
2024-03-25 11:59:28+01:00,C3,Stand,Waiting Area,0.0,False,6.0
2024-03-25 11:59:29+01:00,A2,Handling,Working Area,0.0,False,8.0
2024-03-25 11:59:29+01:00,C2,Stand,Waiting Area,0.0,False,6.0
2024-03-25 11:59:29+01:00,C3,Stand,Waiting Area,0.0,False,6.0
2024-03-25 11:59:30+01:00,A2,Handling,Working Area,0.0,False,8.0
2024-03-25 11:59:30+01:00,C2,Stand,Waiting Area,0.0,False,6.0
2024-03-25 11:59:30+01:00,C3,Stand,Waiting Area,0.0,False,6.0
2024-03-25 11:59:31+01:00,A2,Handling,Working Area,0.0,False,8.0
2024-03-25 11:59:31+01:00,C2,Stand,Waiting Area,0.0,False,6.0
2024-03-25 11:59:31+01:00,C7,Stand,Waiting Area,0.0,False,6.0
2024-03-25 11:59:32+01:00,A2,Handling,Working Area,0.0,False,8.0
2024-03-25 11:59:32+01:00,C2,Stand,Waiting Area,0.0,False,6.0
2024-03-25 11:59:32+01:00,C7,Stand,Waiting Area,0.0,False,6.0
2024-03-25 11:59:33+01:00,A2,Handling,Working Area,0.0,False,8.0
2024-03-25 11:59:33+01:00,C2,Walk,Waiting Area,0.8888888888888888,False,6.0
2024-03-25 11:59:33+01:00,C7,Stand,Waiting Area,0.0,False,6.0
2024-03-25 11:59:34+01:00,A2,Handling,Working Area,0.0,False,8.0
2024-03-25 11:59:34+01:00,C2,Walk,Waiting Area,0.8888888888888888,False,6.0
2024-03-25 11:59:34+01:00,C7,Stand,Waiting Area,0.0,False,6.0
2024-03-25 11:59:35+01:00,A2,Handling,Working Area,0.0,False,8.0
2024-03-25 11:59:35+01:00,C2,Walk,Waiting Area,0.8888888888888888,False,6.0
2024-03-25 11:59:35+01:00,C7,Stand,Waiting Area,0.0,False,6.0
2024-03-25 11:59:36+01:00,A2,Handling,Working Area,0.0,False,8.0
2024-03-25 11:59:36+01:00,C2,Walk,Waiting Area,0.8888888888888888,False,6.0
2024-03-25 11:59:36+01:00,C7,Stand,Waiting Area,0.0,False,6.0
2024-03-25 11:59:37+01:00,A2,Handling,Working Area,0.0,False,8.0
2024-03-25 11:59:37+01:00,C2,Walk,Waiting Area,0.8888888888888888,False,6.0
2024-03-25 11:59:37+01:00,C7,Stand,Waiting Area,0.0,False,6.0
2024-03-25 11:59:38+01:00,A2,Handling,Working Area,0.0,False,8.0
2024-03-25 11:59:38+01:00,C2,Walk,Waiting Area,0.8888888888888888,False,6.0
2024-03-25 11:59:38+01:00,C7,Stand,Waiting Area,0.0,False,6.0
2024-03-25 11:59:39+01:00,A2,Handling,Working Area,0.0,False,8.0
2024-03-25 11:59:39+01:00,C2,Walk,Waiting Area,0.8888888888888888,False,6.0
2024-03-25 11:59:39+01:00,C7,Stand,Waiting Area,0.0,False,6.0
2024-03-25 11:59:40+01:00,A2,Walk,Working Area,0.0,False,6.0
2024-03-25 11:59:40+01:00,C2,Stand,Waiting Area,0.0,False,6.0
2024-03-25 11:59:40+01:00,C7,Stand,Waiting Area,0.0,False,6.0
2024-03-25 11:59:41+01:00,A2,Handling,Working Area,0.0,False,9.0
2024-03-25 11:59:41+01:00,C2,Stand,Waiting Area,0.0,False,6.0
2024-03-25 11:59:41+01:00,C7,Handling,Waiting Area,0.0,False,8.0
2024-03-25 11:59:42+01:00,A2,Handling,Working Area,0.0,False,9.0
2024-03-25 11:59:42+01:00,C2,Stand,Waiting Area,0.0,False,6.0
2024-03-25 11:59:42+01:00,C7,Handling,Waiting Area,0.0,False,9.0
2024-03-25 11:59:43+01:00,A2,Handling,Working Area,0.0,False,8.0
2024-03-25 11:59:43+01:00,C2,Stand,Waiting Area,0.0,False,6.0
2024-03-25 11:59:43+01:00,C7,Walk,Waiting Area,0.8974358974358975,False,6.0
2024-03-25 11:59:44+01:00,A2,Handling,Working Area,0.0,False,8.0
2024-03-25 11:59:44+01:00,C2,Walk,Waiting Area,0.0,False,6.0
2024-03-25 11:59:44+01:00,C7,Walk,Waiting Area,0.8974358974358975,False,6.0
2024-03-25 11:59:45+01:00,A2,Handling,Working Area,0.0,False,8.0
2024-03-25 11:59:45+01:00,C2,Walk,Waiting Area,0.0,False,6.0
2024-03-25 11:59:45+01:00,C7,Walk,Waiting Area,0.8974358974358975,False,6.0
2024-03-25 11:59:46+01:00,A2,Handling,Working Area,0.0,False,8.0
2024-03-25 11:59:46+01:00,C2,Walk,Waiting Area,0.0,False,6.0
2024-03-25 11:59:46+01:00,C7,Walk,Waiting Area,0.8974358974358975,False,6.0
2024-03-25 11:59:47+01:00,A2,Handling,Working Area,0.0,False,8.0
2024-03-25 11:59:47+01:00,C2,Walk,Waiting Area,0.0,False,6.0
2024-03-25 11:59:47+01:00,C7,Walk,Waiting Area,0.8974358974358975,False,6.0
2024-03-25 11:59:48+01:00,A2,Handling,Working Area,0.0,False,8.0
2024-03-25 11:59:48+01:00,C2,Walk,Waiting Area,0.0,False,6.0
2024-03-25 11:59:48+01:00,C7,Walk,Waiting Area,0.8974358974358975,False,6.0
2024-03-25 11:59:49+01:00,A2,Handling,Working Area,0.0,False,8.0
2024-03-25 11:59:49+01:00,C2,Stand,Waiting Area,0.0,False,6.0
2024-03-25 11:59:49+01:00,C7,Walk,Waiting Area,0.8974358974358975,False,6.0
2024-03-25 11:59:50+01:00,A2,Handling,Working Area,0.0,False,8.0
2024-03-25 11:59:50+01:00,C2,Stand,Waiting Area,0.0,False,6.0
2024-03-25 11:59:50+01:00,C7,Walk,Waiting Area,0.8974358974358975,False,6.0
2024-03-25 11:59:51+01:00,A2,Handling,Working Area,0.0,False,8.0
2024-03-25 11:59:51+01:00,C2,Stand,Waiting Area,0.0,False,6.0
2024-03-25 11:59:51+01:00,C7,Handling,Waiting Area,0.0,False,7.0
2024-03-25 11:59:52+01:00,A2,Handling,Working Area,0.0,False,8.0
2024-03-25 11:59:52+01:00,C2,Stand,Waiting Area,0.0,False,6.0
2024-03-25 11:59:52+01:00,C7,Handling,Waiting Area,0.0,False,7.0
2024-03-25 11:59:53+01:00,A2,Handling,Working Area,0.0,False,8.0
2024-03-25 11:59:53+01:00,C2,Stand,Waiting Area,0.0,False,6.0
2024-03-25 11:59:53+01:00,C7,Handling,Waiting Area,0.0,False,7.0
2024-03-25 11:59:54+01:00,A2,Handling,Working Area,0.0,False,7.0
2024-03-25 11:59:54+01:00,C2,Stand,Waiting Area,0.0,False,6.0
2024-03-25 11:59:54+01:00,C7,Handling,Waiting Area,0.0,False,8.0
2024-03-25 11:59:55+01:00,A2,Handling,Working Area,0.0,False,7.0
2024-03-25 11:59:55+01:00,C2,Stand,Waiting Area,0.0,False,6.0
2024-03-25 11:59:55+01:00,C7,Handling,Waiting Area,0.0,False,8.0
2024-03-25 11:59:56+01:00,A2,Handling,Working Area,0.0,False,8.0
2024-03-25 11:59:56+01:00,C2,Stand,Waiting Area,0.0,False,6.0
2024-03-25 11:59:56+01:00,C7,Handling,Waiting Area,0.0,False,8.0
2024-03-25 11:59:57+01:00,A2,Handling,Working Area,0.0,False,8.0
2024-03-25 11:59:57+01:00,C2,Stand,Waiting Area,0.0,False,6.0
2024-03-25 11:59:57+01:00,C7,Handling,Waiting Area,0.0,False,8.0
2024-03-25 11:59:58+01:00,A2,Handling,Working Area,0.0,False,8.0
2024-03-25 11:59:58+01:00,C2,Stand,Waiting Area,0.0,False,6.0
2024-03-25 11:59:58+01:00,C7,Handling,Waiting Area,0.0,False,8.0
2024-03-25 11:59:59+01:00,A2,Handling,Working Area,0.0,False,8.0
2024-03-25 11:59:59+01:00,C2,Stand,Waiting Area,0.0,False,6.0
2024-03-25 11:59:59+01:00,C7,Handling,Waiting Area,0.0,False,8.0
2024-03-25 12:00:00+01:00,A2,Handling,Working Area,0.0,False,8.0
2024-03-25 12:00:00+01:00,C2,Stand,Waiting Area,0.0,False,6.0
2024-03-25 12:00:00+01:00,C7,Handling,Waiting Area,0.0,False,8.0
2024-03-25 12:00:01+01:00,A2,Stand,Working Area,0.0,False,6.0
2024-03-25 12:00:01+01:00,C2,Stand,Waiting Area,0.0,False,6.0
2024-03-25 12:00:01+01:00,C7,Handling,Waiting Area,0.0,False,8.0
2024-03-25 12:00:02+01:00,A2,Stand,Working Area,0.0,False,6.0
2024-03-25 12:00:02+01:00,C2,Stand,Waiting Area,0.0,False,6.0
2024-03-25 12:00:02+01:00,C7,Handling,Waiting Area,0.0,False,8.0
2024-03-25 12:00:03+01:00,A2,Handling,Working Area,0.0,False,8.0
2024-03-25 12:00:03+01:00,C2,Stand,Waiting Area,0.0,False,6.0
2024-03-25 12:00:03+01:00,C7,Handling,Waiting Area,0.0,False,8.0
2024-03-25 12:00:04+01:00,A2,Handling,Working Area,0.0,False,8.0
2024-03-25 12:00:04+01:00,C2,Stand,Waiting Area,0.0,False,6.0
2024-03-25 12:00:04+01:00,C7,Handling,Waiting Area,0.0,False,8.0
2024-03-25 12:00:05+01:00,A2,Handling,Working Area,0.0,False,7.0
2024-03-25 12:00:05+01:00,C2,Stand,Waiting Area,0.0,False,6.0
2024-03-25 12:00:05+01:00,C7,Handling,Waiting Area,0.0,False,8.0
2024-03-25 12:00:06+01:00,A2,Walk,Working Area,0.0,False,6.0
2024-03-25 12:00:06+01:00,C2,Stand,Waiting Area,0.0,False,6.0
2024-03-25 12:00:06+01:00,C7,Handling,Waiting Area,0.0,False,8.0
2024-03-25 12:00:07+01:00,A2,Walk,Working Area,0.0,False,6.0
2024-03-25 12:00:07+01:00,C2,Stand,Waiting Area,0.0,False,6.0
2024-03-25 12:00:07+01:00,C7,Handling,Waiting Area,0.0,False,8.0
2024-03-25 12:00:08+01:00,A2,Walk,Issue Area,0.0,False,6.0
2024-03-25 12:00:08+01:00,C2,Stand,Waiting Area,0.0,False,6.0
2024-03-25 12:00:08+01:00,C7,Handling,Waiting Area,0.0,False,8.0
2024-03-25 12:00:09+01:00,A2,Walk,Issue Area,0.0,False,6.0
2024-03-25 12:00:09+01:00,C2,Stand,Waiting Area,0.0,False,6.0
2024-03-25 12:00:09+01:00,C7,Handling,Waiting Area,0.0,False,8.0
2024-03-25 12:00:10+01:00,A2,Walk,Issue Area,0.0,False,6.0
2024-03-25 12:00:10+01:00,C2,Stand,Waiting Area,0.0,False,6.0
2024-03-25 12:00:10+01:00,C7,Handling,Waiting Area,0.0,False,8.0
2024-03-25 12:00:11+01:00,A2,Handling,Issue Area,0.0,False,8.0
2024-03-25 12:00:11+01:00,C2,Stand,Waiting Area,0.0,False,6.0
2024-03-25 12:00:11+01:00,C7,Handling,Waiting Area,0.0,False,8.0
2024-03-25 12:00:12+01:00,A2,Stand,Issue Area,0.0,False,6.0
2024-03-25 12:00:12+01:00,C2,Stand,Waiting Area,0.0,False,6.0
2024-03-25 12:00:12+01:00,C7,Handling,Waiting Area,0.0,False,8.0
2024-03-25 12:00:13+01:00,A2,Stand,Issue Area,0.0,False,6.0
2024-03-25 12:00:13+01:00,C2,Stand,Waiting Area,0.0,False,6.0
2024-03-25 12:00:13+01:00,C7,Handling,Waiting Area,0.0,False,8.0
2024-03-25 12:00:14+01:00,A2,Stand,Issue Area,0.0,False,6.0
2024-03-25 12:00:14+01:00,C2,Stand,Waiting Area,0.0,False,6.0
2024-03-25 12:00:14+01:00,C7,Handling,Waiting Area,0.0,False,8.0
2024-03-25 12:00:15+01:00,A2,Stand,Issue Area,0.0,False,6.0
2024-03-25 12:00:15+01:00,C2,Handling,Waiting Area,0.0,False,7.0
2024-03-25 12:00:15+01:00,C7,Handling,Waiting Area,0.0,False,8.0
2024-03-25 12:00:16+01:00,A2,Stand,Issue Area,0.0,False,6.0
2024-03-25 12:00:16+01:00,C2,Handling,Waiting Area,0.6027777777777777,False,7.0
2024-03-25 12:00:16+01:00,C7,Handling,Waiting Area,0.0,False,9.0
2024-03-25 12:00:17+01:00,A2,Stand,Issue Area,0.0,False,6.0
2024-03-25 12:00:17+01:00,C2,Walk,Waiting Area,1.2055555555555555,False,6.0
2024-03-25 12:00:17+01:00,C7,Handling,Waiting Area,0.0,False,8.0
2024-03-25 12:00:18+01:00,A2,Stand,Issue Area,0.0,False,6.0
2024-03-25 12:00:18+01:00,C2,Walk,Waiting Area,1.2055555555555555,False,6.0
2024-03-25 12:00:18+01:00,C7,Handling,Waiting Area,0.0,False,8.0
2024-03-25 12:00:19+01:00,A2,Stand,Issue Area,0.0,False,6.0
2024-03-25 12:00:19+01:00,C2,Walk,Waiting Area,1.2055555555555555,False,6.0
2024-03-25 12:00:19+01:00,C7,Handling,Waiting Area,0.0,False,8.0
2024-03-25 12:00:20+01:00,A2,Stand,Issue Area,0.0,False,6.0
2024-03-25 12:00:20+01:00,C2,Walk,Waiting Area,1.2055555555555555,False,6.0
2024-03-25 12:00:20+01:00,C7,Walk,Waiting Area,0.0,False,6.0
2024-03-25 12:00:21+01:00,A2,Handling,Issue Area,0.0,False,8.0
2024-03-25 12:00:21+01:00,C2,Walk,Waiting Area,1.2055555555555555,False,6.0
2024-03-25 12:00:21+01:00,C7,Walk,Waiting Area,0.0,False,6.0
2024-03-25 12:00:22+01:00,A2,Stand,Issue Area,0.0,False,6.0
2024-03-25 12:00:22+01:00,C2,Walk,Waiting Area,1.2055555555555555,False,6.0
2024-03-25 12:00:22+01:00,C7,Handling,Waiting Area,0.0,False,7.0
2024-03-25 12:00:23+01:00,A2,Stand,Issue Area,0.0,False,6.0
2024-03-25 12:00:23+01:00,C2,Walk,Waiting Area,1.2055555555555555,False,6.0
2024-03-25 12:00:23+01:00,C7,Handling,Waiting Area,0.0,False,7.0
2024-03-25 12:00:24+01:00,A2,Stand,Issue Area,0.0,False,6.0
2024-03-25 12:00:24+01:00,C2,Walk,Waiting Area,1.2055555555555555,False,6.0
2024-03-25 12:00:24+01:00,C7,Handling,Waiting Area,0.0,False,7.0
2024-03-25 12:00:25+01:00,A2,Stand,Issue Area,0.0,False,6.0
2024-03-25 12:00:25+01:00,C2,Walk,Waiting Area,1.2055555555555555,False,6.0
2024-03-25 12:00:25+01:00,C7,Handling,Waiting Area,0.0,False,7.0
2024-03-25 12:00:26+01:00,A2,Stand,Issue Area,0.0,False,6.0
2024-03-25 12:00:26+01:00,C2,Walk,Waiting Area,1.2055555555555555,False,6.0
2024-03-25 12:00:26+01:00,C7,Walk,Waiting Area,0.0,False,6.0
2024-03-25 12:00:27+01:00,A2,Stand,Issue Area,0.0,False,6.0
2024-03-25 12:00:27+01:00,C2,Walk,Waiting Area,1.2055555555555555,False,6.0
2024-03-25 12:00:27+01:00,C7,Handling,Waiting Area,0.0,False,8.0
2024-03-25 12:00:28+01:00,A2,Stand,Issue Area,0.0,False,6.0
2024-03-25 12:00:28+01:00,C2,Walk,Waiting Area,1.2055555555555555,False,6.0
2024-03-25 12:00:28+01:00,C7,Handling,Waiting Area,0.0,False,8.0
2024-03-25 12:00:29+01:00,A2,Stand,Issue Area,0.0,False,6.0
2024-03-25 12:00:29+01:00,C2,Walk,Waiting Area,1.2055555555555555,False,6.0
2024-03-25 12:00:29+01:00,C7,Handling,Waiting Area,0.0,False,8.0
2024-03-25 12:00:30+01:00,A2,Stand,Issue Area,0.0,False,6.0
2024-03-25 12:00:30+01:00,C2,Walk,Waiting Area,1.2055555555555555,False,6.0
2024-03-25 12:00:30+01:00,C7,Handling,Waiting Area,0.0,False,8.0
2024-03-25 12:00:31+01:00,A2,Stand,Issue Area,0.0,False,6.0
2024-03-25 12:00:31+01:00,C2,Walk,Waiting Area,1.2055555555555555,False,6.0
2024-03-25 12:00:31+01:00,C7,Handling,Waiting Area,0.0,False,8.0
2024-03-25 12:00:32+01:00,A2,Handling,Issue Area,0.0,False,7.0
2024-03-25 12:00:32+01:00,C2,Walk,Waiting Area,1.2055555555555555,False,6.0
2024-03-25 12:00:32+01:00,C7,Handling,Waiting Area,0.0,False,9.0
2024-03-25 12:00:33+01:00,A2,Handling,Issue Area,0.0,False,8.0
2024-03-25 12:00:33+01:00,C2,Walk,Self-Service Lending Area,1.2055555555555555,False,6.0
2024-03-25 12:00:33+01:00,C7,Handling,Waiting Area,0.0,False,8.5
2024-03-25 12:00:34+01:00,A2,Stand,Issue Area,0.0,False,6.0
2024-03-25 12:00:34+01:00,C2,Handling,Self-Service Lending Area,0.6027777777777777,False,7.0
2024-03-25 12:00:34+01:00,C7,Walk,Waiting Area,0.0,False,6.0
2024-03-25 12:00:35+01:00,A2,Stand,Issue Area,0.0,False,6.0
2024-03-25 12:00:35+01:00,C2,Handling,Self-Service Lending Area,0.0,False,8.0
2024-03-25 12:00:35+01:00,C7,Handling,Waiting Area,0.0,False,8.0
2024-03-25 12:00:36+01:00,A2,Handling,Issue Area,0.0,False,7.0
2024-03-25 12:00:36+01:00,C2,Handling,Self-Service Lending Area,0.0,False,8.0
2024-03-25 12:00:36+01:00,C7,Stand,Waiting Area,0.0,False,6.0
2024-03-25 12:00:37+01:00,A2,Handling,Issue Area,0.0,False,8.0
2024-03-25 12:00:37+01:00,C2,Handling,Client Area,0.0,False,8.0
2024-03-25 12:00:37+01:00,C7,Handling,Waiting Area,0.0,False,8.0
2024-03-25 12:00:38+01:00,A2,Handling,Issue Area,0.0,False,8.0
2024-03-25 12:00:38+01:00,C2,Handling,Client Area,0.0,False,9.0
2024-03-25 12:00:38+01:00,C7,Handling,Waiting Area,0.0,False,8.0
2024-03-25 12:00:39+01:00,A2,Handling,Issue Area,0.0,False,8.0
2024-03-25 12:00:39+01:00,C2,Handling,Client Area,0.0,False,9.0
2024-03-25 12:00:39+01:00,C7,Handling,Waiting Area,0.0,False,8.0
2024-03-25 12:00:40+01:00,A2,Handling,Issue Area,0.0,False,8.0
2024-03-25 12:00:40+01:00,C2,Handling,Client Area,0.0,False,9.0
2024-03-25 12:00:40+01:00,C7,Handling,Waiting Area,0.0,False,8.0
2024-03-25 12:00:41+01:00,A2,Handling,Issue Area,0.0,False,8.0
2024-03-25 12:00:41+01:00,C2,Handling,Client Area,0.0,False,8.0
2024-03-25 12:00:41+01:00,C7,Handling,Waiting Area,0.0,False,8.0
2024-03-25 12:00:42+01:00,A2,Handling,Issue Area,0.0,False,8.0
2024-03-25 12:00:42+01:00,C2,Handling,Client Area,0.0,False,8.0
2024-03-25 12:00:42+01:00,C7,Handling,Waiting Area,0.0,False,8.0
2024-03-25 12:00:43+01:00,A2,Handling,Issue Area,0.0,False,8.0
2024-03-25 12:00:43+01:00,C2,Handling,Client Area,0.0,False,8.0
2024-03-25 12:00:43+01:00,C7,Stand,Waiting Area,0.0,False,6.0
2024-03-25 12:00:44+01:00,A2,Handling,Issue Area,0.0,False,8.0
2024-03-25 12:00:44+01:00,C2,Handling,Client Area,0.0,False,8.0
2024-03-25 12:00:44+01:00,C7,Stand,Waiting Area,0.0,False,6.0
2024-03-25 12:00:45+01:00,A2,Handling,Issue Area,0.0,False,8.0
2024-03-25 12:00:45+01:00,C2,Handling,Client Area,0.0,False,8.0
2024-03-25 12:00:45+01:00,C7,Stand,Waiting Area,0.0,False,6.0
2024-03-25 12:00:46+01:00,A2,Handling,Issue Area,0.0,False,8.0
2024-03-25 12:00:46+01:00,C2,Handling,Client Area,0.0,False,8.0
2024-03-25 12:00:46+01:00,C7,Stand,Waiting Area,0.0,False,6.0
2024-03-25 12:00:47+01:00,A2,Walk,Issue Area,0.0,False,6.0
2024-03-25 12:00:47+01:00,C2,Stand,Client Area,0.0,False,6.0
2024-03-25 12:00:47+01:00,C7,Stand,Waiting Area,0.0,False,6.0
2024-03-25 12:00:48+01:00,A2,Handling,Issue Area,0.0,False,8.0
2024-03-25 12:00:48+01:00,C2,Stand,Client Area,0.0,False,6.0
2024-03-25 12:00:48+01:00,C7,Stand,Warehouse Area,0.0,False,6.0
2024-03-25 12:00:49+01:00,A2,Handling,Issue Area,0.0,False,8.0
2024-03-25 12:00:49+01:00,C2,Stand,Client Area,0.0,False,6.0
2024-03-25 12:00:49+01:00,C7,Stand,Warehouse Area,0.0,False,6.0
2024-03-25 12:00:50+01:00,A2,Handling,Warehouse Area,0.0,False,8.0
2024-03-25 12:00:50+01:00,C2,Handling,Client Area,0.0,False,8.0
2024-03-25 12:00:50+01:00,C7,Stand,Warehouse Area,0.0,False,6.0
2024-03-25 12:00:51+01:00,A2,Walk,Warehouse Area,0.0,False,6.0
2024-03-25 12:00:51+01:00,C2,Handling,Client Area,0.0,False,8.0
2024-03-25 12:00:51+01:00,C7,Handling,Warehouse Area,0.0,False,8.0
2024-03-25 12:00:52+01:00,A2,Handling,Warehouse Area,0.0,False,9.0
2024-03-25 12:00:52+01:00,C2,Handling,Client Area,0.0,False,8.0
2024-03-25 12:00:52+01:00,C7,Handling,Warehouse Area,0.0,False,8.0
2024-03-25 12:00:53+01:00,A2,Handling,Warehouse Area,0.0,False,9.0
2024-03-25 12:00:53+01:00,C2,Handling,Client Area,0.0,False,8.0
2024-03-25 12:00:53+01:00,C7,Handling,Warehouse Area,0.0,False,8.0
2024-03-25 12:00:54+01:00,A2,Handling,Warehouse Area,0.0,False,8.0
2024-03-25 12:00:54+01:00,C2,Handling,Client Area,0.0,False,8.0
2024-03-25 12:00:54+01:00,C7,Handling,Warehouse Area,0.0,False,8.0
2024-03-25 12:00:55+01:00,A2,Handling,Warehouse Area,0.0,False,7.0
2024-03-25 12:00:55+01:00,C2,Handling,Client Area,0.0,False,8.0
2024-03-25 12:00:55+01:00,C7,Handling,Warehouse Area,0.0,False,8.0
2024-03-25 12:00:56+01:00,A2,Stand,Warehouse Area,0.0,False,6.0
2024-03-25 12:00:56+01:00,C2,Handling,Client Area,0.0,False,8.0
2024-03-25 12:00:56+01:00,C7,Stand,Warehouse Area,0.0,False,6.0
2024-03-25 12:00:57+01:00,A2,Walk,Warehouse Area,0.0,False,6.0
2024-03-25 12:00:57+01:00,C2,Handling,Client Area,0.0,False,8.0
2024-03-25 12:00:57+01:00,C7,Stand,Warehouse Area,0.0,False,6.0
2024-03-25 12:00:58+01:00,A2,Walk,Warehouse Area,0.0,False,6.0
2024-03-25 12:00:58+01:00,C2,Handling,Client Area,0.0,False,8.0
2024-03-25 12:00:58+01:00,C7,Stand,Warehouse Area,0.0,False,6.0
2024-03-25 12:00:59+01:00,A2,Walk,Warehouse Area,0.0,False,6.0
2024-03-25 12:00:59+01:00,C2,Handling,Client Area,0.0,False,8.0
2024-03-25 12:00:59+01:00,C7,Stand,Warehouse Area,0.0,False,6.0
2024-03-25 12:01:00+01:00,A2,Walk,Issue Area,0.0,False,6.0
2024-03-25 12:01:00+01:00,C2,Walk,Client Area,0.0,False,6.0
2024-03-25 12:01:00+01:00,C7,Stand,Warehouse Area,0.0,False,6.0
2024-03-25 12:01:01+01:00,A2,Stand,Issue Area,0.0,False,6.0
2024-03-25 12:01:01+01:00,C2,Walk,Client Area,0.0,False,6.0
2024-03-25 12:01:01+01:00,C7,Stand,Warehouse Area,0.0,False,6.0
2024-03-25 12:01:02+01:00,A2,Stand,Issue Area,0.0,False,6.0
2024-03-25 12:01:02+01:00,C2,Walk,Issue Area,0.0,False,6.0
2024-03-25 12:01:02+01:00,C7,Stand,Warehouse Area,0.0,False,6.0
2024-03-25 12:01:03+01:00,A2,Stand,Issue Area,0.0,False,6.0
2024-03-25 12:01:03+01:00,C2,Stand,Issue Area,0.0,False,6.0
2024-03-25 12:01:03+01:00,C7,Stand,Waiting Area,0.0,False,6.0
2024-03-25 12:01:04+01:00,A2,Stand,Issue Area,0.0,False,6.0
2024-03-25 12:01:04+01:00,C2,Stand,Issue Area,0.0,False,6.0
2024-03-25 12:01:04+01:00,C7,Stand,Waiting Area,0.0,False,6.0
2024-03-25 12:01:05+01:00,A2,Stand,Issue Area,0.0,False,6.0
2024-03-25 12:01:05+01:00,C2,Stand,Issue Area,0.0,False,6.0
2024-03-25 12:01:05+01:00,C7,Stand,Waiting Area,0.0,False,6.0
2024-03-25 12:01:06+01:00,A2,Stand,Issue Area,0.0,False,6.0
2024-03-25 12:01:06+01:00,C2,Stand,Issue Area,0.0,False,6.0
2024-03-25 12:01:06+01:00,C7,Walk,Waiting Area,0.0,False,6.0
2024-03-25 12:01:07+01:00,A2,Stand,Issue Area,0.0,False,6.0
2024-03-25 12:01:07+01:00,C2,Stand,Working Area,0.0,False,6.0
2024-03-25 12:01:07+01:00,C7,Walk,Waiting Area,0.0,False,6.0
2024-03-25 12:01:08+01:00,A2,Stand,Issue Area,0.0,False,6.0
2024-03-25 12:01:08+01:00,C2,Stand,Working Area,0.0,False,6.0
2024-03-25 12:01:08+01:00,C7,Walk,Waiting Area,0.0,False,6.0
2024-03-25 12:01:09+01:00,A2,Stand,Issue Area,0.0,False,6.0
2024-03-25 12:01:09+01:00,C2,Handling,Working Area,0.0,False,8.0
2024-03-25 12:01:09+01:00,C7,Handling,Waiting Area,0.0,False,8.0
2024-03-25 12:01:10+01:00,A2,Stand,Issue Area,0.0,False,6.0
2024-03-25 12:01:10+01:00,C2,Handling,Working Area,0.0,False,8.0
2024-03-25 12:01:10+01:00,C7,Handling,Waiting Area,0.0,False,8.0
2024-03-25 12:01:11+01:00,A2,Stand,Issue Area,0.0,False,6.0
2024-03-25 12:01:11+01:00,C2,Stand,Working Area,0.0,False,6.0
2024-03-25 12:01:11+01:00,C7,Walk,Waiting Area,0.0,False,6.0
2024-03-25 12:01:12+01:00,A2,Stand,Issue Area,0.0,False,6.0
2024-03-25 12:01:12+01:00,C2,Handling,Working Area,0.0,False,8.0
2024-03-25 12:01:12+01:00,C7,Handling,Waiting Area,0.0,False,9.0
2024-03-25 12:01:13+01:00,A2,Walk,Issue Area,0.0,False,6.0
2024-03-25 12:01:13+01:00,C2,Handling,Issue Area,0.0,False,8.0
2024-03-25 12:01:13+01:00,C7,Handling,Waiting Area,0.0,False,9.0
2024-03-25 12:01:14+01:00,A2,Walk,Warehouse Area,0.0,False,6.0
2024-03-25 12:01:14+01:00,C2,Handling,Issue Area,0.0,False,8.0
2024-03-25 12:01:14+01:00,C7,Stand,Waiting Area,0.0,False,6.0
2024-03-25 12:01:15+01:00,A2,Walk,Warehouse Area,0.0,False,6.0
2024-03-25 12:01:15+01:00,C2,Handling,Issue Area,0.0,False,8.0
2024-03-25 12:01:15+01:00,C7,Stand,Waiting Area,0.0,False,6.0
2024-03-25 12:01:16+01:00,A2,Handling,Warehouse Area,0.0,False,9.0
2024-03-25 12:01:16+01:00,C2,Handling,Issue Area,0.0,False,8.0
2024-03-25 12:01:16+01:00,C7,Stand,Waiting Area,0.0,False,6.0
2024-03-25 12:01:17+01:00,A2,Handling,Warehouse Area,0.0,False,9.0
2024-03-25 12:01:17+01:00,C2,Handling,Issue Area,0.0,False,8.0
2024-03-25 12:01:17+01:00,C7,Stand,Waiting Area,0.0,False,6.0
2024-03-25 12:01:18+01:00,A2,Handling,Warehouse Area,0.0,False,9.0
2024-03-25 12:01:18+01:00,C2,Handling,Issue Area,0.0,False,8.0
2024-03-25 12:01:18+01:00,C7,Stand,Waiting Area,0.0,False,6.0
2024-03-25 12:01:19+01:00,A2,Handling,Warehouse Area,0.0,False,8.0
2024-03-25 12:01:19+01:00,C2,Stand,Issue Area,0.0,False,6.0
2024-03-25 12:01:19+01:00,C7,Stand,Waiting Area,0.0,False,6.0
2024-03-25 12:01:20+01:00,A2,Handling,Warehouse Area,0.0,False,8.0
2024-03-25 12:01:20+01:00,C2,Stand,Issue Area,0.0,False,6.0
2024-03-25 12:01:20+01:00,C7,Handling,Waiting Area,0.0,False,8.0
2024-03-25 12:01:21+01:00,A2,Handling,Warehouse Area,0.0,False,8.0
2024-03-25 12:01:21+01:00,C2,Stand,Working Area,0.0,False,6.0
2024-03-25 12:01:21+01:00,C7,Walk,Waiting Area,0.0,False,6.0
2024-03-25 12:01:22+01:00,A2,Handling,Warehouse Area,0.0,False,8.0
2024-03-25 12:01:22+01:00,C2,Stand,Working Area,0.0,False,6.0
2024-03-25 12:01:22+01:00,C7,Walk,Waiting Area,0.0,False,6.0
2024-03-25 12:01:23+01:00,A2,Handling,Warehouse Area,0.0,False,8.0
2024-03-25 12:01:23+01:00,C2,Stand,Working Area,0.0,False,6.0
2024-03-25 12:01:23+01:00,C7,Walk,Waiting Area,0.0,False,6.0
2024-03-25 12:01:24+01:00,A2,Handling,Warehouse Area,0.0,False,7.0
2024-03-25 12:01:24+01:00,C2,Stand,Issue Area,0.0,False,6.0
2024-03-25 12:01:24+01:00,C7,Walk,Waiting Area,0.0,False,6.0
2024-03-25 12:01:25+01:00,A2,Walk,Warehouse Area,0.0,False,6.0
2024-03-25 12:01:25+01:00,C2,Handling,Issue Area,0.0,False,8.0
2024-03-25 12:01:25+01:00,C7,Handling,Waiting Area,0.0,False,9.0
2024-03-25 12:01:26+01:00,A2,Walk,Warehouse Area,0.0,False,6.0
2024-03-25 12:01:26+01:00,C2,Handling,Issue Area,0.0,False,8.0
2024-03-25 12:01:26+01:00,C7,Walk,Waiting Area,1.0652173913043477,False,6.0
2024-03-25 12:01:27+01:00,A2,Walk,Issue Area,0.0,False,6.0
2024-03-25 12:01:27+01:00,C2,Handling,Issue Area,0.0,False,7.0
2024-03-25 12:01:27+01:00,C7,Walk,Waiting Area,1.0652173913043477,False,6.0
2024-03-25 12:01:28+01:00,A2,Walk,Issue Area,0.0,False,6.0
2024-03-25 12:01:28+01:00,C2,Stand,Issue Area,0.0,False,6.0
2024-03-25 12:01:28+01:00,C7,Walk,Waiting Area,1.0652173913043477,False,6.0
2024-03-25 12:01:29+01:00,A2,Handling,Issue Area,0.0,False,8.0
2024-03-25 12:01:29+01:00,C2,Handling,Issue Area,0.0,False,8.0
2024-03-25 12:01:29+01:00,C7,Walk,Waiting Area,1.0652173913043477,False,6.0
2024-03-25 12:01:30+01:00,A2,Handling,Issue Area,0.0,False,8.0
2024-03-25 12:01:30+01:00,C2,Handling,Issue Area,0.0,False,8.0
2024-03-25 12:01:30+01:00,C7,Walk,Waiting Area,1.0652173913043477,False,6.0
2024-03-25 12:01:31+01:00,A2,Stand,Issue Area,0.0,False,6.0
2024-03-25 12:01:31+01:00,C2,Walk,Issue Area,0.0,False,6.0
2024-03-25 12:01:31+01:00,C7,Walk,Waiting Area,1.0652173913043477,False,6.0
2024-03-25 12:01:32+01:00,A2,Handling,Issue Area,0.0,False,8.0
2024-03-25 12:01:32+01:00,C2,Stand,Issue Area,0.0,False,6.0
2024-03-25 12:01:32+01:00,C7,Walk,Waiting Area,1.0652173913043477,False,6.0
2024-03-25 12:01:33+01:00,A2,Handling,Issue Area,0.0,False,8.0
2024-03-25 12:01:33+01:00,C2,Stand,Issue Area,0.0,False,6.0
2024-03-25 12:01:33+01:00,C7,Walk,Waiting Area,1.0652173913043477,False,6.0
2024-03-25 12:01:34+01:00,A2,Handling,Issue Area,0.0,False,8.0
2024-03-25 12:01:34+01:00,C2,Stand,Issue Area,0.0,False,6.0
2024-03-25 12:01:34+01:00,C7,Walk,Waiting Area,1.0652173913043477,False,6.0
2024-03-25 12:01:35+01:00,A2,Handling,Issue Area,0.0,False,8.0
2024-03-25 12:01:35+01:00,C2,Stand,Issue Area,0.0,False,6.0
2024-03-25 12:01:35+01:00,C7,Walk,Waiting Area,1.0652173913043477,False,6.0
2024-03-25 12:01:36+01:00,A2,Handling,Issue Area,0.0,False,8.0
2024-03-25 12:01:36+01:00,C2,Stand,Issue Area,0.0,False,6.0
2024-03-25 12:01:36+01:00,C7,Walk,Waiting Area,1.0652173913043477,False,6.0
2024-03-25 12:01:37+01:00,A2,Handling,Issue Area,0.0,False,8.0
2024-03-25 12:01:37+01:00,C2,Stand,Issue Area,0.0,False,6.0
2024-03-25 12:01:37+01:00,C7,Walk,Waiting Area,1.0652173913043477,False,6.0
2024-03-25 12:01:38+01:00,A2,Handling,Issue Area,0.0,False,8.0
2024-03-25 12:01:38+01:00,C2,Stand,Issue Area,0.0,False,6.0
2024-03-25 12:01:38+01:00,C7,Walk,Waiting Area,1.0652173913043477,False,6.0
2024-03-25 12:01:39+01:00,A2,Handling,Issue Area,0.0,False,8.0
2024-03-25 12:01:39+01:00,C2,Handling,Issue Area,0.0,False,8.0
2024-03-25 12:01:39+01:00,C7,Walk,Waiting Area,1.0652173913043477,False,6.0
2024-03-25 12:01:40+01:00,A2,Handling,Issue Area,0.0,False,8.0
2024-03-25 12:01:40+01:00,C2,Handling,Self-Service Lending Area,0.0,False,8.0
2024-03-25 12:01:40+01:00,C7,Handling,Waiting Area,0.0,False,9.0
2024-03-25 12:01:41+01:00,A2,Handling,Issue Area,0.3620689655172413,False,7.0
2024-03-25 12:01:41+01:00,C2,Walk,Self-Service Lending Area,0.0,False,6.0
2024-03-25 12:01:41+01:00,C7,Handling,Waiting Area,0.0,False,8.0
2024-03-25 12:01:42+01:00,A2,Walk,Issue Area,0.7241379310344827,False,6.0
2024-03-25 12:01:42+01:00,C2,Walk,Self-Service Lending Area,0.0,False,6.0
2024-03-25 12:01:42+01:00,C7,Handling,Waiting Area,0.0,False,8.0
2024-03-25 12:01:43+01:00,A2,Walk,Issue Area,0.7241379310344827,False,6.0
2024-03-25 12:01:43+01:00,C2,Walk,Self-Service Lending Area,1.1818181818181817,False,6.0
2024-03-25 12:01:43+01:00,C7,Handling,Waiting Area,0.0,False,8.5
2024-03-25 12:01:44+01:00,A2,Walk,Issue Area,0.7241379310344827,False,6.0
2024-03-25 12:01:44+01:00,C2,Walk,Self-Service Lending Area,1.1818181818181817,False,6.0
2024-03-25 12:01:44+01:00,C7,Handling,Waiting Area,0.6363636363636362,False,7.5
2024-03-25 12:01:45+01:00,A2,Walk,Issue Area,0.7241379310344827,False,6.0
2024-03-25 12:01:45+01:00,C2,Walk,Self-Service Lending Area,1.1818181818181817,False,6.0
2024-03-25 12:01:45+01:00,C7,Walk,Waiting Area,1.2727272727272725,False,6.0
2024-03-25 12:01:46+01:00,A2,Walk,Issue Area,0.7241379310344827,False,6.0
2024-03-25 12:01:46+01:00,C2,Walk,Waiting Area,1.1818181818181817,False,6.0
2024-03-25 12:01:46+01:00,C7,Walk,Waiting Area,1.2727272727272725,False,6.0
2024-03-25 12:01:47+01:00,A2,Handling,Issue Area,0.0,False,8.0
2024-03-25 12:01:47+01:00,C2,Walk,Waiting Area,1.1818181818181817,False,6.0
2024-03-25 12:01:47+01:00,C7,Walk,Waiting Area,1.2727272727272725,False,6.0
2024-03-25 12:01:48+01:00,A2,Stand,Issue Area,0.0,False,6.0
2024-03-25 12:01:48+01:00,C2,Walk,Waiting Area,1.1818181818181817,False,6.0
2024-03-25 12:01:48+01:00,C7,Walk,Waiting Area,1.2727272727272725,False,6.0
2024-03-25 12:01:49+01:00,A2,Stand,Issue Area,0.0,False,6.0
2024-03-25 12:01:49+01:00,C2,Walk,Waiting Area,1.1818181818181817,False,6.0
2024-03-25 12:01:49+01:00,C7,Walk,Self-Service Lending Area,1.2727272727272725,False,6.0
2024-03-25 12:01:50+01:00,A2,Walk,Issue Area,0.0,False,6.0
2024-03-25 12:01:50+01:00,C2,Walk,Waiting Area,1.1818181818181817,False,6.0
2024-03-25 12:01:50+01:00,C7,Walk,Self-Service Lending Area,1.2727272727272725,False,6.0
2024-03-25 12:01:51+01:00,A2,Handling,Issue Area,0.0,False,8.0
2024-03-25 12:01:51+01:00,C2,Handling,Waiting Area,0.0,False,8.0
2024-03-25 12:01:51+01:00,C7,Handling,Self-Service Lending Area,0.0,False,9.0
2024-03-25 12:01:52+01:00,A2,Stand,Issue Area,0.0,False,6.0
2024-03-25 12:01:52+01:00,C2,Stand,Waiting Area,0.0,False,6.0
2024-03-25 12:01:52+01:00,C7,Walk,Self-Service Lending Area,0.0,False,6.0
2024-03-25 12:01:53+01:00,A2,Handling,Issue Area,0.0,False,8.0
2024-03-25 12:01:53+01:00,C2,Stand,Waiting Area,0.0,False,6.0
2024-03-25 12:01:53+01:00,C7,Walk,Issue Area,0.0,False,6.0
2024-03-25 12:01:54+01:00,A2,Handling,Issue Area,0.0,False,8.0
2024-03-25 12:01:54+01:00,C2,Stand,Waiting Area,0.0,False,6.0
2024-03-25 12:01:54+01:00,C7,Walk,Issue Area,0.0,False,6.0
2024-03-25 12:01:55+01:00,A2,Handling,Working Area,0.0,False,8.0
2024-03-25 12:01:55+01:00,C2,Handling,Waiting Area,0.0,False,8.0
2024-03-25 12:01:55+01:00,C7,Walk,Issue Area,0.0,False,6.0
2024-03-25 12:01:56+01:00,A2,Stand,Working Area,0.0,False,6.0
2024-03-25 12:01:56+01:00,C2,Handling,Waiting Area,0.0,False,8.0
2024-03-25 12:01:56+01:00,C7,Handling,Issue Area,0.0,False,8.0
2024-03-25 12:01:57+01:00,A2,Stand,Working Area,0.0,False,6.0
2024-03-25 12:01:57+01:00,C2,Handling,Waiting Area,0.0,False,8.0
2024-03-25 12:01:57+01:00,C7,Handling,Issue Area,0.0,False,8.0
2024-03-25 12:01:58+01:00,A2,Handling,Working Area,0.0,False,8.0
2024-03-25 12:01:58+01:00,C2,Handling,Waiting Area,0.0,False,8.0
2024-03-25 12:01:58+01:00,C7,Handling,Issue Area,0.0,False,7.0
2024-03-25 12:01:59+01:00,A2,Stand,Working Area,0.0,False,6.0
2024-03-25 12:01:59+01:00,C2,Stand,Waiting Area,0.0,False,6.0
2024-03-25 12:01:59+01:00,C7,Stand,Issue Area,0.0,False,6.0
2024-03-25 12:02:00+01:00,A2,Stand,Working Area,0.0,False,6.0
2024-03-25 12:02:00+01:00,C2,Stand,Waiting Area,0.0,False,6.0
2024-03-25 12:02:00+01:00,C7,Stand,Issue Area,0.0,False,6.0
2024-03-25 12:02:01+01:00,A2,Handling,Working Area,0.0,False,8.0
2024-03-25 12:02:01+01:00,C2,Handling,Waiting Area,0.0,False,7.0
2024-03-25 12:02:01+01:00,C7,Stand,Issue Area,0.0,False,6.0
2024-03-25 12:02:02+01:00,A2,Stand,Working Area,0.0,False,6.0
2024-03-25 12:02:02+01:00,C2,Handling,Waiting Area,0.0,False,8.0
2024-03-25 12:02:02+01:00,C7,Stand,Issue Area,0.0,False,6.0
2024-03-25 12:02:03+01:00,A2,Stand,Working Area,0.0,False,6.0
2024-03-25 12:02:03+01:00,C2,Handling,Waiting Area,0.0,False,9.0
2024-03-25 12:02:03+01:00,C7,Walk,Issue Area,0.0,False,6.0
2024-03-25 12:02:04+01:00,A2,Stand,Working Area,0.0,False,6.0
2024-03-25 12:02:04+01:00,C2,Handling,Waiting Area,0.0,False,9.0
2024-03-25 12:02:04+01:00,C7,Stand,Issue Area,0.0,False,6.0
2024-03-25 12:02:05+01:00,A2,Stand,Client Area,0.0,False,6.0
2024-03-25 12:02:05+01:00,C2,Handling,Waiting Area,0.0,False,7.5
2024-03-25 12:02:05+01:00,C7,Stand,Issue Area,0.0,False,6.0
2024-03-25 12:02:06+01:00,A2,Stand,Client Area,0.0,False,6.0
2024-03-25 12:02:06+01:00,C2,Walk,Waiting Area,0.0,False,6.0
2024-03-25 12:02:06+01:00,C7,Stand,Issue Area,0.0,False,6.0
2024-03-25 12:02:07+01:00,A2,Stand,Client Area,0.0,False,6.0
2024-03-25 12:02:07+01:00,C2,Walk,Waiting Area,0.0,False,6.0
2024-03-25 12:02:07+01:00,C7,Stand,Issue Area,0.0,False,6.0
2024-03-25 12:02:08+01:00,A2,Handling,Client Area,0.0,False,8.0
2024-03-25 12:02:08+01:00,C2,Walk,Waiting Area,0.0,False,6.0
2024-03-25 12:02:08+01:00,C7,Stand,Issue Area,0.0,False,6.0
2024-03-25 12:02:09+01:00,A2,Handling,Working Area,0.0,False,8.0
2024-03-25 12:02:09+01:00,C2,Handling,Waiting Area,0.0,False,8.0
2024-03-25 12:02:09+01:00,C7,Stand,Issue Area,0.0,False,6.0
2024-03-25 12:02:10+01:00,A2,Handling,Working Area,0.0,False,8.0
2024-03-25 12:02:10+01:00,C2,Handling,Waiting Area,0.0,False,8.0
2024-03-25 12:02:10+01:00,C7,Stand,Issue Area,0.0,False,6.0
2024-03-25 12:02:11+01:00,A2,Handling,Working Area,0.0,False,8.0
2024-03-25 12:02:11+01:00,C2,Walk,Waiting Area,0.0,False,6.0
2024-03-25 12:02:11+01:00,C7,Stand,Issue Area,0.0,False,6.0
2024-03-25 12:02:12+01:00,A2,Handling,Working Area,0.0,False,8.0
2024-03-25 12:02:12+01:00,C2,Walk,Waiting Area,0.0,False,6.0
2024-03-25 12:02:12+01:00,C7,Stand,Issue Area,0.0,False,6.0
